2020-01-01,4℃,-2℃,多云,东南风,2级,60,良,2
2020-01-02,6℃,-2℃,晴,西北风,1级,118,轻度污染,3
2020-01-03,7℃,-1℃,阴~晴,东北风,1级,192,中度污染,4
2020-01-04,9℃,1℃,多云~阴,东北风,1级,238,重度污染,5
2020-01-05,5℃,2℃,中雨~小雨,东北风,2级,287,重度污染,5
2020-01-06,2℃,0℃,雾~雨夹雪,东北风,2级,176,中度污染,4
2020-01-07,0℃,-8℃,暴雪~阴,东北风,3级,92,良,2
2020-01-08,2℃,-6℃,中雪~晴,东北风,2级,68,良,2
2020-01-09,5℃,-2℃,晴~多云,东南风,1级,120,轻度污染,3
2020-01-10,5℃,-3℃,阴~多云,西北风,1级,147,轻度污染,3
2020-01-11,2℃,-5℃,雾~多云,东北风,2级,207,重度污染,5
2020-01-12,2℃,-4℃,多云~阴,东北风,1级,136,轻度污染,3
2020-01-13,1℃,-6℃,多云,东北风,2级,161,中度污染,4
2020-01-14,2℃,-5℃,晴,东北风,1级,80,良,2
2020-01-15,2℃,-2℃,多云,东北风,1级,86,良,2
2020-01-16,2℃,-5℃,阴,北风,1级,150,轻度污染,3
2020-01-17,3℃,-3℃,多云,西南风,1级,230,重度污染,5
2020-01-18,6℃,-3℃,多云~晴,西南风,2级,200,中度污染,4
2020-01-19,7℃,-3℃,雾~晴,西南风,1级,225,重度污染,5
2020-01-20,7℃,-1℃,多云~晴,东北风,2级,113,轻度污染,3
2020-01-21,7℃,0℃,多云~阴,东南风,2级,115,轻度污染,3
2020-01-22,8℃,1℃,多云,东南风,1级,155,中度污染,4
2020-01-23,7℃,-1℃,多云,东北风,2级,197,中度污染,4
2020-01-24,8℃,-1℃,阴~多云,东北风,3级,176,中度污染,4
2020-01-25,8℃,-1℃,阴~多云,东北风,1级,97,良,2
2020-01-26,3℃,-1℃,阴,东北风,3级,135,轻度污染,3
2020-01-27,6℃,-2℃,阴,东北风,2级,115,轻度污染,3
2020-01-28,6℃,-1℃,阴~多云,东北风,2级,117,轻度污染,3
2020-01-29,4℃,-3℃,阴~晴,东北风,2级,186,中度污染,4
2020-01-30,6℃,-2℃,晴,东北风,1级,186,中度污染,4
2019-12-01,6℃,-3℃,多云~晴,东北风,2级,76,良,2
2019-12-02,4℃,-3℃,晴,西北风,2级,51,良,2
2019-12-03,9℃,0℃,晴,西南风,2级,66,良,2
2019-12-04,11℃,0℃,晴,西南风,1级,77,良,2
2019-12-05,6℃,-3℃,晴,东北风,3级,91,良,2
2019-12-06,6℃,-1℃,晴,西南风,2级,83,良,2
2019-12-07,10℃,2℃,晴,西南风,2级,120,轻度污染,3
2019-12-08,10℃,1℃,晴,西南风,3级,212,重度污染,5
2019-12-09,12℃,2℃,晴,西南风,2级,283,重度污染,5
2019-12-10,11℃,-1℃,雾~晴,西南风,2级,274,重度污染,5
2019-12-11,9℃,-3℃,晴,东北风,2级,149,轻度污染,3
2019-12-12,10℃,0℃,晴~阴,东南风,2级,85,良,2
2019-12-13,11℃,-1℃,多云~晴,西南风,3级,106,轻度污染,3
2019-12-14,8℃,0℃,多云~阴,东北风,2级,85,良,2
2019-12-15,6℃,4℃,阴~小雨,东北风,2级,108,轻度污染,3
2019-12-16,7℃,2℃,小雨~阴,西北风,1级,136,轻度污染,3
2019-12-17,6℃,-2℃,多云,东北风,2级,105,轻度污染,3
2019-12-18,4℃,-2℃,多云,东北风,1级,54,良,2
2019-12-19,7℃,-3℃,晴,东北风,2级,83,良,2
2019-12-20,7℃,0℃,晴,东南风,2级,101,轻度污染,3
2019-12-21,9℃,2℃,晴,西南风,2级,148,轻度污染,3
2019-12-22,10℃,-1℃,多云~晴,西南风,2级,253,重度污染,5
2019-12-23,6℃,-2℃,晴,东北风,3级,217,重度污染,5
2019-12-24,6℃,-2℃,晴~阴,东南风,2级,116,轻度污染,3
2019-12-25,5℃,-2℃,雨夹雪~中雪,东北风,2级,190,中度污染,4
2019-12-26,3℃,-3℃,多云~晴,西北风,2级,99,良,2
2019-12-27,9℃,2℃,晴,西南风,3级,68,良,2
2019-12-28,12℃,5℃,晴,西南风,3级,67,良,2
2019-12-29,12℃,-1℃,多云,西南风,3级,59,良,2
2019-12-30,0℃,-9℃,多云~晴,东北风,4级,81,良,2
2019-12-31,1℃,-4℃,晴,西南风,2级,51,良,2
2019-11-01,23℃,14℃,多云,东风,2级,143,轻度污染,3
2019-11-02,21℃,11℃,多云~小雨,西南风,2级,141,轻度污染,3
2019-11-03,14℃,6℃,小雨~多云,东北风,3级,96,良,2
2019-11-04,16℃,7℃,晴,东北风,2级,64,良,2
2019-11-05,19℃,8℃,晴~多云,东北风,2级,88,良,2
2019-11-06,19℃,10℃,多云,西南风,2级,123,轻度污染,3
2019-11-07,15℃,5℃,多云,东北风,3级,113,轻度污染,3
2019-11-08,17℃,10℃,晴,西南风,2级,101,轻度污染,3
2019-11-09,20℃,12℃,晴~小雨,西南风,3级,151,中度污染,4
2019-11-10,17℃,8℃,晴,西北风,4级,100,良,2
2019-11-11,19℃,12℃,晴,东南风,2级,85,良,2
2019-11-12,21℃,12℃,多云~小雨,西南风,3级,112,轻度污染,3
2019-11-13,13℃,2℃,多云~晴,西北风,4级,108,轻度污染,3
2019-11-14,16℃,8℃,晴,西南风,3级,88,良,2
2019-11-15,18℃,8℃,晴,东北风,2级,101,轻度污染,3
2019-11-16,18℃,6℃,多云~小雨,东北风,2级,179,中度污染,4
2019-11-17,13℃,-2℃,小雨~晴,西北风,3级,121,轻度污染,3
2019-11-18,7℃,-1℃,晴,西北风,2级,149,轻度污染,3
2019-11-19,9℃,1℃,晴~多云,东南风,1级,121,轻度污染,3
2019-11-20,13℃,7℃,多云,西南风,2级,111,轻度污染,3
2019-11-21,14℃,8℃,多云,东南风,2级,77,良,2
2019-11-22,17℃,9℃,多云,东南风,2级,78,良,2
2019-11-23,16℃,8℃,小雨,东南风,1级,107,轻度污染,3
2019-11-24,10℃,-2℃,小雨~多云,东北风,4级,97,良,2
2019-11-25,6℃,-2℃,晴~多云,东北风,2级,43,优,1
2019-11-26,7℃,-1℃,多云,西南风,1级,71,良,2
2019-11-27,6℃,-2℃,晴,东北风,3级,90,良,2
2019-11-28,5℃,-2℃,晴~多云,东北风,2级,57,良,2
2019-11-29,6℃,1℃,多云~雨夹雪,东南风,1级,119,轻度污染,3
2019-11-30,8℃,1℃,雨夹雪~多云,东南风,2级,97,良,2
2019-10-01,30℃,19℃,晴,东南风,1级,64,良,2
2019-10-02,31℃,19℃,晴,东北风,2级,69,良,2
2019-10-03,31℃,19℃,晴~多云,东南风,1级,73,良,2
2019-10-04,21℃,14℃,小雨,东北风,3级,80,良,2
2019-10-05,19℃,10℃,多云,东北风,3级,25,优,1
2019-10-06,15℃,10℃,小雨,西南风,2级,50,优,1
2019-10-07,20℃,12℃,多云~晴,西南风,2级,60,良,2
2019-10-08,22℃,13℃,晴~多云,东北风,3级,78,良,2
2019-10-09,22℃,14℃,小雨,西南风,3级,84,良,2
2019-10-10,21℃,14℃,阴~多云,东北风,2级,60,良,2
2019-10-11,21℃,13℃,阴~多云,东北风,2级,73,良,2
2019-10-12,23℃,12℃,多云,东北风,3级,68,良,2
2019-10-13,22℃,10℃,小雨,东北风,2级,66,良,2
2019-10-14,16℃,5℃,多云~晴,东北风,4级,30,优,1
2019-10-15,16℃,8℃,晴~多云,东北风,1级,50,优,1
2019-10-16,15℃,10℃,阴,西北风,1级,75,良,2
2019-10-17,18℃,11℃,多云,西南风,1级,79,良,2
2019-10-18,20℃,12℃,晴,西南风,1级,116,轻度污染,3
2019-10-19,23℃,13℃,晴,西南风,2级,116,轻度污染,3
2019-10-20,23℃,14℃,多云,西南风,3级,82,良,2
2019-10-21,23℃,12℃,晴,东北风,2级,145,轻度污染,3
2019-10-22,24℃,14℃,多云,西南风,2级,86,良,2
2019-10-23,24℃,14℃,多云,西南风,1级,72,良,2
2019-10-24,23℃,10℃,多云~阴,西南风,2级,102,轻度污染,3
2019-10-25,14℃,5℃,阴~晴,东北风,3级,29,优,1
2019-10-26,17℃,8℃,多云~晴,西南风,2级,48,优,1
2019-10-27,20℃,11℃,晴,西南风,3级,66,良,2
2019-10-28,18℃,6℃,晴,西北风,3级,115,轻度污染,3
2019-10-29,19℃,8℃,晴,西南风,2级,119,轻度污染,3
2019-10-30,24℃,13℃,晴,西南风,3级,198,中度污染,4
2019-10-31,23℃,11℃,晴,东北风,2级,136,轻度污染,3
2019-09-01,29℃,20℃,多云,西南风,2级,62,良,2
2019-09-02,29℃,19℃,多云,西北风,2级,70,良,2
2019-09-03,30℃,19℃,多云,东北风,2级,73,良,2
2019-09-04,29℃,19℃,多云,东北风,2级,69,良,2
2019-09-05,30℃,19℃,多云,西南风,2级,80,良,2
2019-09-06,31℃,20℃,晴,东北风,2级,94,良,2
2019-09-07,32℃,23℃,晴,西北风,2级,102,轻度污染,3
2019-09-08,34℃,23℃,晴,西南风,2级,91,良,2
2019-09-09,33℃,23℃,晴,东风,2级,93,良,2
2019-09-10,30℃,20℃,多云~晴,东北风,3级,87,良,2
2019-09-11,27℃,20℃,阴~小雨,东北风,3级,56,良,2
2019-09-12,26℃,20℃,小雨~阴,东北风,1级,39,优,1
2019-09-13,23℃,19℃,小到中雨~阴,东南风,1级,51,良,2
2019-09-14,27℃,19℃,多云~阴,东北风,2级,51,良,2
2019-09-15,26℃,19℃,阴~多云,西南风,2级,60,良,2
2019-09-16,27℃,19℃,晴~阴,东北风,2级,57,良,2
2019-09-17,25℃,16℃,多云,西南风,2级,78,良,2
2019-09-18,25℃,15℃,晴,东北风,3级,82,良,2
2019-09-19,23℃,16℃,多云,西南风,2级,63,良,2
2019-09-20,24℃,16℃,多云,西南风,2级,67,良,2
2019-09-21,27℃,15℃,晴,东北风,2级,103,轻度污染,3
2019-09-22,27℃,15℃,晴,东北风,3级,86,良,2
2019-09-23,28℃,17℃,晴,西南风,1级,66,良,2
2019-09-24,29℃,17℃,晴,西南风,2级,86,良,2
2019-09-25,30℃,17℃,晴,东北风,2级,86,良,2
2019-09-26,31℃,18℃,晴,东北风,1级,74,良,2
2019-09-27,31℃,19℃,晴,西南风,2级,70,良,2
2019-09-28,30℃,20℃,晴,西南风,2级,76,良,2
2019-09-29,31℃,21℃,晴,西南风,2级,71,良,2
2019-09-30,31℃,20℃,晴,东南风,2级,65,良,2
2019-08-01,32℃,24℃,阴~中雨,西南风,2级,52,良,2
2019-08-02,31℃,24℃,雷阵雨,东北风,2级,39,优,1
2019-08-03,31℃,24℃,雷阵雨~多云,东北风,2级,56,良,2
2019-08-04,33℃,24℃,雷阵雨,东南风,2级,63,良,2
2019-08-05,30℃,24℃,多云~雷阵雨,东南风,2级,35,优,1
2019-08-06,31℃,24℃,雷阵雨,东北风,1级,35,优,1
2019-08-07,29℃,24℃,中雨~阴,东南风,2级,44,优,1
2019-08-08,31℃,24℃,阴~多云,东北风,2级,52,良,2
2019-08-09,32℃,24℃,多云,东南风,1级,55,良,2
2019-08-10,30℃,22℃,雷阵雨~大雨,东北风,2级,44,优,1
2019-08-11,25℃,22℃,暴雨~大雨,东北风,5级,18,优,1
2019-08-12,25℃,21℃,中雨~小雨,西北风,4级,21,优,1
2019-08-13,26℃,21℃,小雨~阴,西北风,2级,19,优,1
2019-08-14,30℃,21℃,多云,东北风,2级,37,优,1
2019-08-15,32℃,22℃,多云~雷阵雨,西北风,2级,57,良,2
2019-08-16,29℃,20℃,多云~晴,西南风,3级,48,优,1
2019-08-17,30℃,20℃,晴,西北风,2级,51,良,2
2019-08-18,32℃,21℃,晴,东南风,1级,60,良,2
2019-08-19,32℃,21℃,晴,东南风,2级,70,良,2
2019-08-20,30℃,21℃,多云~雷阵雨,西南风,2级,56,良,2
2019-08-21,28℃,21℃,多云,东北风,2级,73,良,2
2019-08-22,31℃,21℃,晴,东北风,2级,69,良,2
2019-08-23,31℃,21℃,晴~多云,东北风,2级,66,良,2
2019-08-24,27℃,21℃,阴,东北风,1级,84,良,2
2019-08-25,27℃,21℃,阵雨~多云,东北风,2级,73,良,2
2019-08-26,28℃,21℃,小雨,东北风,1级,72,良,2
2019-08-27,29℃,21℃,多云~晴,东北风,2级,69,良,2
2019-08-28,32℃,20℃,晴,西南风,2级,87,良,2
2019-08-29,29℃,19℃,晴,西北风,2级,45,优,1
2019-08-30,30℃,18℃,晴,西北风,2级,49,优,1
2019-08-31,31℃,19℃,晴,东南风,2级,64,良,2
2019-07-01,35℃,24℃,晴,东北风,2级,62,良,2
2019-07-02,37℃,26℃,多云~阴,西南风,3级,88,良,2
2019-07-03,38℃,28℃,晴,东北风,2级,84,良,2
2019-07-04,38℃,30℃,多云~晴,西南风,3级,85,良,2
2019-07-05,38℃,27℃,晴~多云,西南风,4级,84,良,2
2019-07-06,25℃,20℃,大雨~雷阵雨,东北风,3级,56,良,2
2019-07-07,28℃,20℃,雷阵雨~多云,东北风,3级,48,优,1
2019-07-08,28℃,21℃,多云,东北风,2级,65,良,2
2019-07-09,29℃,21℃,多云,东风,2级,61,良,2
2019-07-10,28℃,21℃,雷阵雨,东北风,2级,68,良,2
2019-07-11,29℃,22℃,雷阵雨~多云,西北风,2级,72,良,2
2019-07-12,31℃,23℃,雷阵雨~多云,西南风,2级,71,良,2
2019-07-13,34℃,24℃,多云,东南风,2级,78,良,2
2019-07-14,33℃,23℃,雷阵雨,西南风,2级,85,良,2
2019-07-15,34℃,25℃,多云,东北风,2级,88,良,2
2019-07-16,34℃,25℃,多云,东北风,2级,91,良,2
2019-07-17,32℃,24℃,阴~多云,东南风,2级,89,良,2
2019-07-18,34℃,24℃,多云,东北风,2级,73,良,2
2019-07-19,34℃,25℃,雷阵雨~多云,东北风,2级,58,良,2
2019-07-20,35℃,26℃,多云,西北风,2级,62,良,2
2019-07-21,37℃,29℃,多云,东北风,2级,85,良,2
2019-07-22,37℃,29℃,多云,西南风,3级,80,良,2
2019-07-23,33℃,25℃,中雨~多云,西南风,3级,58,良,2
2019-07-24,36℃,27℃,多云,东北风,2级,81,良,2
2019-07-25,37℃,27℃,雷阵雨~晴,西南风,2级,61,良,2
2019-07-26,38℃,27℃,晴~多云,东南风,2级,82,良,2
2019-07-27,34℃,26℃,雷阵雨,东南风,2级,68,良,2
2019-07-28,36℃,28℃,多云,西南风,2级,50,优,1
2019-07-29,36℃,25℃,中雨,西南风,3级,52,良,2
2019-07-30,33℃,26℃,多云~晴,西南风,2级,38,优,1
2019-07-31,37℃,26℃,多云,西南风,3级,37,优,1
2019-06-01,32℃,23℃,多云,西南风,3级,81,良,2
2019-06-02,36℃,28℃,多云,西南风,4级,81,良,2
2019-06-03,36℃,27℃,多云,西南风,4级,90,良,2
2019-06-04,37℃,27℃,多云,东南风,3级,103,轻度污染,3
2019-06-05,32℃,21℃,雷阵雨,东北风,3级,91,良,2
2019-06-06,26℃,18℃,小雨~多云,东北风,3级,56,良,2
2019-06-07,32℃,22℃,晴~雷阵雨,西南风,2级,61,良,2
2019-06-08,33℃,23℃,多云~雷阵雨,西南风,3级,77,良,2
2019-06-09,31℃,19℃,多云~晴,东北风,3级,65,良,2
2019-06-10,33℃,21℃,晴,东北风,2级,59,良,2
2019-06-11,35℃,26℃,晴,东南风,2级,69,良,2
2019-06-12,36℃,26℃,晴,西南风,3级,90,良,2
2019-06-13,35℃,25℃,多云,西南风,3级,83,良,2
2019-06-14,35℃,24℃,晴,西南风,3级,85,良,2
2019-06-15,37℃,27℃,晴~多云,东风,2级,105,轻度污染,3
2019-06-16,36℃,24℃,多云,东南风,2级,85,良,2
2019-06-17,35℃,26℃,多云,西南风,2级,91,良,2
2019-06-18,37℃,27℃,晴,西南风,3级,91,良,2
2019-06-19,38℃,28℃,多云,西南风,3级,83,良,2
2019-06-20,34℃,24℃,雷阵雨~多云,西南风,2级,73,良,2
2019-06-21,36℃,24℃,多云~晴,东北风,3级,97,良,2
2019-06-22,35℃,24℃,晴,东北风,3级,76,良,2
2019-06-23,37℃,26℃,晴,东北风,2级,89,良,2
2019-06-24,37℃,27℃,多云,南风,3级,91,良,2
2019-06-25,34℃,23℃,多云,东南风,3级,70,良,2
2019-06-26,35℃,25℃,晴,东南风,2级,76,良,2
2019-06-27,35℃,24℃,多云~雷阵雨,西南风,2级,84,良,2
2019-06-28,30℃,23℃,雷阵雨~多云,西南风,2级,66,良,2
2019-06-29,38℃,25℃,晴,西南风,3级,84,良,2
2019-06-30,34℃,22℃,晴,东北风,3级,82,良,2
2019-05-01,25℃,14℃,晴,东北风,2级,62,良,2
2019-05-02,27℃,17℃,晴,西南风,2级,73,良,2
2019-05-03,28℃,21℃,晴~多云,西南风,3级,81,良,2
2019-05-04,25℃,18℃,阴~多云,西南风,3级,68,良,2
2019-05-05,23℃,10℃,多云~晴,东北风,4级,93,良,2
2019-05-06,22℃,11℃,晴,东北风,2级,71,良,2
2019-05-07,25℃,16℃,晴~多云,西南风,2级,76,良,2
2019-05-08,23℃,15℃,多云,西南风,4级,75,良,2
2019-05-09,28℃,19℃,多云,西南风,2级,80,良,2
2019-05-10,27℃,18℃,阴~多云,东南风,3级,81,良,2
2019-05-11,31℃,20℃,晴,西南风,2级,77,良,2
2019-05-12,32℃,13℃,雷阵雨,西南风,3级,78,良,2
2019-05-13,26℃,17℃,多云~晴,东北风,2级,168,中度污染,4
2019-05-14,30℃,21℃,晴~多云,西南风,3级,142,轻度污染,3
2019-05-15,31℃,22℃,晴,西南风,3级,91,良,2
2019-05-16,32℃,22℃,多云,东南风,3级,71,良,2
2019-05-17,32℃,19℃,多云,东南风,3级,54,良,2
2019-05-18,30℃,19℃,多云,东南风,2级,43,优,1
2019-05-19,29℃,14℃,多云,西北风,4级,90,良,2
2019-05-20,26℃,18℃,晴,西北风,3级,68,良,2
2019-05-21,30℃,20℃,晴,西南风,3级,70,良,2
2019-05-22,33℃,25℃,晴,西南风,3级,76,良,2
2019-05-23,37℃,27℃,晴,西南风,3级,90,良,2
2019-05-24,34℃,25℃,多云,西南风,4级,75,良,2
2019-05-25,33℃,24℃,多云,东南风,3级,74,良,2
2019-05-26,33℃,16℃,多云~雷阵雨,西南风,3级,61,良,2
2019-05-27,26℃,18℃,晴,东北风,4级,46,优,1
2019-05-28,31℃,22℃,晴,西南风,3级,57,良,2
2019-05-29,32℃,23℃,晴~多云,西南风,3级,63,良,2
2019-05-30,30℃,20℃,多云~晴,西南风,3级,62,良,2
2019-05-31,31℃,22℃,晴~多云,西北风,2级,64,良,2
2019-04-01,18℃,9℃,晴,东南风,2级,83,良,2
2019-04-02,20℃,6℃,晴,东北风,3级,93,良,2
2019-04-03,21℃,11℃,晴,东南风,2级,85,良,2
2019-04-04,25℃,15℃,晴,西南风,4级,102,轻度污染,3
2019-04-05,26℃,16℃,晴,西南风,3级,117,轻度污染,3
2019-04-06,22℃,9℃,晴,东北风,3级,123,轻度污染,3
2019-04-07,23℃,12℃,多云,东南风,2级,127,轻度污染,3
2019-04-08,18℃,5℃,多云~小到中雨,东北风,3级,126,轻度污染,3
2019-04-09,8℃,3℃,中雨~阴,东北风,4级,40,优,1
2019-04-10,14℃,6℃,多云,西北风,2级,58,良,2
2019-04-11,15℃,6℃,小雨~多云,西南风,2级,101,轻度污染,3
2019-04-12,19℃,14℃,多云~小雨,西南风,3级,106,轻度污染,3
2019-04-13,21℃,10℃,阴~小雨,西南风,3级,101,轻度污染,3
2019-04-14,21℃,12℃,晴,西北风,2级,80,良,2
2019-04-15,24℃,14℃,晴~阴,西南风,4级,71,良,2
2019-04-16,23℃,15℃,阵雨~晴,西南风,3级,77,良,2
2019-04-17,30℃,15℃,晴,西南风,4级,95,良,2
2019-04-18,22℃,12℃,多云,东北风,4级,123,轻度污染,3
2019-04-19,18℃,10℃,多云,东北风,3级,80,良,2
2019-04-20,24℃,12℃,多云~小雨,东北风,2级,95,良,2
2019-04-21,19℃,12℃,小雨~多云,东北风,3级,111,轻度污染,3
2019-04-22,25℃,16℃,多云~小雨,西南风,2级,109,轻度污染,3
2019-04-23,23℃,15℃,阴~多云,东南风,2级,51,良,2
2019-04-24,24℃,8℃,阴~雷阵雨,东北风,2级,84,良,2
2019-04-25,16℃,7℃,阴~多云,东北风,4级,58,良,2
2019-04-26,17℃,9℃,多云,东北风,2级,47,优,1
2019-04-27,15℃,9℃,小雨~阴,东南风,2级,59,良,2
2019-04-28,19℃,7℃,多云,东南风,1级,61,良,2
2019-04-29,25℃,13℃,晴,西南风,2级,96,良,2
2019-04-30,24℃,10℃,多云~晴,西北风,3级,113,轻度污染,3
2019-03-01,16℃,6℃,晴~多云,东南风,2级,154,中度污染,4
2019-03-02,12℃,5℃,多云~阴,西南风,2级,184,中度污染,4
2019-03-03,11℃,4℃,阴~晴,西南风,2级,134,轻度污染,3
2019-03-04,12℃,2℃,多云~阴,西南风,3级,97,良,2
2019-03-05,18℃,5℃,多云,西南风,2级,119,轻度污染,3
2019-03-06,12℃,-1℃,晴,东北风,3级,101,轻度污染,3
2019-03-07,13℃,1℃,晴,东北风,1级,83,良,2
2019-03-08,14℃,5℃,多云,西南风,3级,82,良,2
2019-03-09,16℃,5℃,晴,西南风,2级,80,良,2
2019-03-10,17℃,4℃,多云~雷阵雨,西南风,2级,123,轻度污染,3
2019-03-11,16℃,3℃,晴,西北风,3级,88,良,2
2019-03-12,11℃,3℃,晴,东北风,3级,56,良,2
2019-03-13,15℃,6℃,晴,西南风,2级,64,良,2
2019-03-14,17℃,5℃,晴,西南风,2级,79,良,2
2019-03-15,15℃,8℃,晴,东北风,3级,76,良,2
2019-03-16,21℃,8℃,晴,西南风,3级,80,良,2
2019-03-17,22℃,14℃,晴,东南风,3级,97,良,2
2019-03-18,23℃,15℃,多云,西南风,4级,97,良,2
2019-03-19,25℃,14℃,多云~小雨,西南风,4级,74,良,2
2019-03-20,19℃,11℃,小雨~多云,东北风,2级,78,良,2
2019-03-21,13℃,2℃,晴,东北风,4级,73,良,2
2019-03-22,16℃,4℃,晴,西南风,2级,58,良,2
2019-03-23,12℃,4℃,晴,东北风,3级,57,良,2
2019-03-24,18℃,9℃,晴~多云,西南风,3级,89,良,2
2019-03-25,22℃,12℃,晴,西南风,3级,86,良,2
2019-03-26,25℃,16℃,晴~多云,西南风,3级,95,良,2
2019-03-27,25℃,9℃,多云,东南风,4级,101,轻度污染,3
2019-03-28,16℃,6℃,多云,东南风,3级,95,良,2
2019-03-29,19℃,6℃,多云~晴,西北风,3级,95,良,2
2019-03-30,13℃,2℃,晴,西北风,3级,80,良,2
2019-03-31,15℃,5℃,晴,西南风,2级,73,良,2
2019-02-01,9℃,0℃,晴,西南风,3级,87,良,2
2019-02-02,10℃,2℃,多云,西南风,3级,89,良,2
2019-02-03,9℃,-2℃,晴,西北风,2级,150,轻度污染,3
2019-02-04,11℃,-1℃,晴,西南风,3级,113,轻度污染,3
2019-02-05,12℃,3℃,晴~多云,西南风,3级,140,轻度污染,3
2019-02-06,7℃,-4℃,多云,东北风,3级,202,重度污染,5
2019-02-07,0℃,-5℃,多云~阴,东北风,4级,55,良,2
2019-02-08,1℃,-5℃,多云,东南风,2级,66,良,2
2019-02-09,-1℃,-5℃,多云~小雪,东北风,2级,75,良,2
2019-02-10,0℃,-4℃,小雪~多云,西南风,2级,63,良,2
2019-02-11,6℃,-3℃,晴~多云,西南风,2级,105,轻度污染,3
2019-02-12,7℃,-2℃,晴~多云,东南风,1级,142,轻度污染,3
2019-02-13,3℃,-1℃,阴~小雪,东北风,3级,103,轻度污染,3
2019-02-14,1℃,-3℃,小雪,东南风,2级,96,良,2
2019-02-15,3℃,-6℃,多云,西北风,2级,127,轻度污染,3
2019-02-16,2℃,-5℃,晴~多云,东北风,2级,59,良,2
2019-02-17,6℃,-2℃,多云~阴,东北风,1级,59,良,2
2019-02-18,4℃,-3℃,小雪,东南风,2级,79,良,2
2019-02-19,7℃,-2℃,多云~晴,西南风,1级,153,中度污染,4
2019-02-20,9℃,0℃,晴,东风,1级,202,重度污染,5
2019-02-21,11℃,0℃,晴~多云,东北风,1级,172,中度污染,4
2019-02-22,10℃,-1℃,多云~晴,东北风,1级,173,中度污染,4
2019-02-23,12℃,1℃,晴,东北风,1级,173,中度污染,4
2019-02-24,14℃,2℃,晴,西南风,2级,159,中度污染,4
2019-02-25,15℃,4℃,多云,东北风,2级,207,重度污染,5
2019-02-26,13℃,4℃,多云~阴,东南风,1级,195,中度污染,4
2019-02-27,12℃,3℃,阴~多云,西南风,1级,116,轻度污染,3
2019-02-28,14℃,4℃,晴~多云,西南风,2级,113,轻度污染,3
2019-01-01,3℃,-6℃,晴~多云,西北风,1级,131,轻度污染,3
2019-01-02,4℃,-4℃,晴,东南风,1级,173,中度污染,4
2019-01-03,5℃,-4℃,多云,东南风,2级,208,重度污染,5
2019-01-04,5℃,-4℃,多云~阴,东北风,2级,225,重度污染,5
2019-01-05,3℃,-5℃,阴~晴,东北风,2级,74,良,2
2019-01-06,6℃,-4℃,晴,东南风,1级,136,轻度污染,3
2019-01-07,5℃,-5℃,多云~晴,东北风,2级,235,重度污染,5
2019-01-08,2℃,-5℃,多云,东北风,3级,80,良,2
2019-01-09,2℃,-3℃,阴~多云,东南风,2级,74,良,2
2019-01-10,5℃,-1℃,多云,西南风,2级,113,轻度污染,3
2019-01-11,7℃,-2℃,晴,西南风,1级,130,轻度污染,3
2019-01-12,8℃,-2℃,多云~晴,西南风,2级,198,中度污染,4
2019-01-13,7℃,-4℃,晴,东南风,1级,291,重度污染,5
2019-01-14,6℃,-5℃,多云,西南风,1级,323,严重污染,6
2019-01-15,-1℃,-7℃,多云,东北风,3级,157,中度污染,4
2019-01-16,3℃,-7℃,晴,西南风,2级,64,良,2
2019-01-17,7℃,-4℃,晴,西南风,2级,88,良,2
2019-01-18,8℃,-1℃,多云~阴,东南风,2级,117,轻度污染,3
2019-01-19,4℃,-5℃,阴~晴,东北风,2级,167,中度污染,4
2019-01-20,4℃,-3℃,晴,西北风,2级,66,良,2
2019-01-21,8℃,-1℃,晴,西南风,2级,97,良,2
2019-01-22,11℃,0℃,晴,西南风,2级,97,良,2
2019-01-23,11℃,0℃,晴,东南风,2级,99,良,2
2019-01-24,12℃,-1℃,晴~多云,东南风,2级,125,轻度污染,3
2019-01-25,4℃,-6℃,多云~晴,东北风,3级,108,轻度污染,3
2019-01-26,5℃,-2℃,晴,西南风,1级,82,良,2
2019-01-27,7℃,-2℃,晴~多云,西南风,3级,80,良,2
2019-01-28,7℃,0℃,晴,东北风,2级,88,良,2
2019-01-29,8℃,1℃,多云~阴,西南风,3级,103,轻度污染,3
2019-01-30,5℃,-3℃,阴,东北风,3级,145,轻度污染,3
2019-01-31,3℃,-3℃,阴~多云,东北风,3级,61,良,2
2018-12-01,13℃,7℃,多云~小雨,东南风,2级,318,严重污染,6
2018-12-02,13℃,8℃,小雨~阴,西南风,1级,240,重度污染,5
2018-12-03,10℃,1℃,小雨~多云,东北风,3级,191,中度污染,4
2018-12-04,8℃,0℃,晴~多云,东北风,2级,124,轻度污染,3
2018-12-05,5℃,0℃,阴~小雪,东南风,2级,78,良,2
2018-12-06,4℃,-6℃,多云~晴,东北风,3级,74,良,2
2018-12-07,-1℃,-8℃,晴,东北风,2级,48,优,1
2018-12-08,-1℃,-8℃,晴,东北风,1级,62,良,2
2018-12-09,2℃,-6℃,晴~多云,东南风,1级,81,良,2
2018-12-10,3℃,-4℃,多云~小雪,东北风,2级,127,轻度污染,3
2018-12-11,2℃,-8℃,晴,东北风,2级,122,轻度污染,3
2018-12-12,3℃,-6℃,晴,西南风,2级,72,良,2
2018-12-13,4℃,-5℃,晴,东北风,2级,107,轻度污染,3
2018-12-14,6℃,-4℃,晴~多云,东南风,2级,98,良,2
2018-12-15,8℃,-1℃,多云,西南风,3级,98,良,2
2018-12-16,8℃,-2℃,晴,西南风,2级,130,轻度污染,3
2018-12-17,9℃,0℃,晴,西南风,2级,123,轻度污染,3
2018-12-18,11℃,2℃,晴,东南风,2级,99,良,2
2018-12-19,11℃,2℃,多云,东北风,2级,181,中度污染,4
2018-12-20,11℃,3℃,晴~阴,东南风,2级,158,中度污染,4
2018-12-21,10℃,4℃,阴~多云,东北风,2级,173,中度污染,4
2018-12-22,9℃,-2℃,多云,东北风,2级,129,轻度污染,3
2018-12-23,4℃,-6℃,晴,东北风,3级,129,轻度污染,3
2018-12-24,7℃,-4℃,晴~多云,西南风,2级,129,轻度污染,3
2018-12-25,7℃,-3℃,多云,东北风,2级,124,轻度污染,3
2018-12-26,3℃,-5℃,多云,东北风,3级,87,良,2
2018-12-27,-1℃,-9℃,多云~晴,东北风,3级,61,良,2
2018-12-28,-3℃,-9℃,晴,东北风,2级,51,良,2
2018-12-29,-1℃,-8℃,晴,东北风,1级,74,良,2
2018-12-30,0℃,-9℃,晴,东北风,2级,82,良,2
2018-12-31,2℃,-7℃,多云~晴,东北风,1级,95,良,2
2018-11-01,20℃,9℃,晴,南风,1-2级,98,良,2
2018-11-02,21℃,10℃,晴,南风,1-2级,115,轻度污染,3
2018-11-03,20℃,12℃,晴~多云,南风,1-2级,95,良,2
2018-11-04,19℃,11℃,多云~阴,东北风,1-2级,89,良,2
2018-11-05,12℃,7℃,小雨,东北风,3-4级,66,良,2
2018-11-06,11℃,5℃,小雨~多云,东北风,1-2级,50,优,1
2018-11-07,13℃,7℃,阴~小雨,北风,1-2级,70,良,2
2018-11-08,10℃,6℃,小雨~晴,南风,1-2级,61,良,2
2018-11-09,17℃,6℃,晴,南风,3-4级,77,良,2
2018-11-10,15℃,8℃,多云~阴,东北风,1-2级,112,轻度污染,3
2018-11-11,15℃,6℃,阴~晴,东北风,1-2级,99,良,2
2018-11-12,17℃,7℃,晴,南风,1-2级,124,轻度污染,3
2018-11-13,17℃,7℃,晴,南风,1-2级,140,轻度污染,3
2018-11-14,17℃,9℃,晴~多云,南风,1-2级,120,轻度污染,3
2018-11-15,14℃,6℃,阴~小雨,南风,1-2级,95,良,2
2018-11-16,11℃,3℃,阴~多云,北风,3-4级,51,良,2
2018-11-17,10℃,4℃,阴~多云,南风,1-2级,68,良,2
2018-11-18,12℃,2℃,多云~晴,南风,1-2级,105,轻度污染,3
2018-11-19,13℃,6℃,晴,南风,3-4级,90,良,2
2018-11-20,14℃,5℃,多云~阴,南风,1-2级,101,轻度污染,3
2018-11-21,10℃,1℃,多云~晴,东北风,2级,125,轻度污染,3
2018-11-22,11℃,3℃,晴,西南风,2级,84,良,2
2018-11-23,13℃,2℃,多云~晴,西南风,3级,104,轻度污染,3
2018-11-24,14℃,5℃,晴,东南风,1级,180,中度污染,4
2018-11-25,15℃,6℃,晴,东南风,2级,152,中度污染,4
2018-11-26,17℃,6℃,晴~多云,西南风,3级,161,中度污染,4
2018-11-27,12℃,3℃,多云,东北风,2级,298,重度污染,5
2018-11-28,15℃,6℃,多云~阴,东南风,2级,255,重度污染,5
2018-11-29,11℃,5℃,多云,东北风,2级,280,重度污染,5
2018-11-30,14℃,6℃,多云,东南风,2级,207,重度污染,5
2018-10-01,23℃,13℃,晴,北风,3-4级,56,良,2
2018-10-02,25℃,12℃,晴,南风,1-2级,69,良,2
2018-10-03,26℃,13℃,晴,南风,1-2级,69,良,2
2018-10-04,27℃,14℃,晴,南风,1-2级,94,良,2
2018-10-05,27℃,14℃,晴,南风,1-2级,105,轻度污染,3
2018-10-06,23℃,12℃,晴~多云,北风,3-4级,97,良,2
2018-10-07,23℃,11℃,晴,北风,1-2级,69,良,2
2018-10-08,21℃,12℃,多云~小雨,南风,1-2级,99,良,2
2018-10-09,17℃,6℃,阴~晴,北风,3-4级,69,良,2
2018-10-10,18℃,6℃,晴,北风,1-2级,49,优,1
2018-10-11,19℃,7℃,晴,北风,1-2级,68,良,2
2018-10-12,22℃,11℃,晴,南风,1-2级,85,良,2
2018-10-13,23℃,13℃,多云,南风,1-2级,85,良,2
2018-10-14,22℃,12℃,多云,南风,1-2级,79,良,2
2018-10-15,22℃,12℃,多云,南风,1-2级,78,良,2
2018-10-16,20℃,11℃,小雨~阴,北风,1-2级,114,轻度污染,3
2018-10-17,18℃,7℃,多云,东北风,3-4级,67,良,2
2018-10-18,18℃,6℃,晴,东北风,1-2级,65,良,2
2018-10-19,19℃,8℃,晴~多云,东北风,1-2级,73,良,2
2018-10-20,19℃,12℃,多云,南风,1-2级,86,良,2
2018-10-21,20℃,13℃,多云,南风,1-2级,80,良,2
2018-10-22,22℃,10℃,晴,南风,3-4级,82,良,2
2018-10-23,20℃,11℃,晴,南风,1-2级,82,良,2
2018-10-24,24℃,14℃,晴~多云,南风,1-2级,83,良,2
2018-10-25,19℃,8℃,小雨~多云,南风,3-4级,109,轻度污染,3
2018-10-26,15℃,5℃,晴,西北风,3-4级,114,轻度污染,3
2018-10-27,18℃,8℃,晴,南风,1-2级,77,良,2
2018-10-28,20℃,7℃,晴,南风,1-2级,72,良,2
2018-10-29,17℃,6℃,晴,东北风,1-2级,61,良,2
2018-10-30,18℃,6℃,晴,北风,1-2级,69,良,2
2018-10-31,19℃,8℃,晴,东风,1-2级,75,良,2
2018-09-01,29℃,21℃,多云,东北风,1-2级,60,良,2
2018-09-02,28℃,23℃,小雨,南风,1-2级,52,良,2
2018-09-03,32℃,19℃,多云~晴,北风,1-2级,49,优,1
2018-09-04,29℃,19℃,晴,北风,1-2级,45,优,1
2018-09-05,30℃,22℃,多云,南风,1-2级,61,良,2
2018-09-06,31℃,17℃,多云,南风,3-4级,65,良,2
2018-09-07,27℃,16℃,晴,北风,1-2级,43,优,1
2018-09-08,28℃,15℃,晴,北风,1-2级,59,良,2
2018-09-09,28℃,18℃,晴,北风,1-2级,63,良,2
2018-09-10,28℃,18℃,多云,南风,1-2级,54,良,2
2018-09-11,28℃,19℃,晴,南风,1-2级,67,良,2
2018-09-12,30℃,20℃,晴,南风,1-2级,65,良,2
2018-09-13,29℃,21℃,多云,南风,1-2级,83,良,2
2018-09-14,28℃,20℃,多云,北风,1-2级,80,良,2
2018-09-15,27℃,20℃,小雨,北风,1-2级,88,良,2
2018-09-16,26℃,18℃,多云,北风,1-2级,56,良,2
2018-09-17,26℃,18℃,多云~小雨,北风,1-2级,77,良,2
2018-09-18,22℃,18℃,小雨~中到大雨,南风,1-2级,96,良,2
2018-09-19,21℃,19℃,小雨,北风,1-2级,91,良,2
2018-09-20,25℃,16℃,阴~晴,北风,1-2级,52,良,2
2018-09-21,27℃,15℃,晴,北风,1-2级,67,良,2
2018-09-22,25℃,13℃,晴,北风,1-2级,78,良,2
2018-09-23,25℃,12℃,晴,北风,1-2级,64,良,2
2018-09-24,24℃,12℃,晴,北风,1-2级,54,良,2
2018-09-25,22℃,13℃,多云,北风,1-2级,61,良,2
2018-09-26,23℃,13℃,多云,北风,1-2级,78,良,2
2018-09-27,25℃,17℃,晴~阴,南风,1-2级,85,良,2
2018-09-28,26℃,15℃,多云~晴,南风,1-2级,82,良,2
2018-09-29,26℃,12℃,晴,南风,1-2级,79,良,2
2018-09-30,22℃,14℃,晴,北风,3-4级,58,良,2
2018-08-01,35℃,26℃,多云,东风,1-2级,76,良,2
2018-08-02,35℃,26℃,多云,东风,1-2级,85,良,2
2018-08-03,36℃,26℃,多云,东风,1-2级,97,良,2
2018-08-04,35℃,26℃,雷阵雨,东风,1-2级,66,良,2
2018-08-05,35℃,26℃,雷阵雨,南风,1-2级,58,良,2
2018-08-06,34℃,27℃,多云,南风,1-2级,66,良,2
2018-08-07,35℃,27℃,多云,南风,1-2级,70,良,2
2018-08-08,37℃,27℃,多云~雷阵雨,南风,1-2级,70,良,2
2018-08-09,34℃,26℃,多云,北风,1-2级,85,良,2
2018-08-10,35℃,27℃,多云,东北风,1-2级,106,轻度污染,3
2018-08-11,35℃,27℃,晴,南风,1-2级,83,良,2
2018-08-12,36℃,26℃,晴~多云,南风,1-2级,85,良,2
2018-08-13,34℃,26℃,雷阵雨,东北风,1-2级,55,良,2
2018-08-14,31℃,25℃,中雨~雷阵雨,东北风,1-2级,28,优,1
2018-08-15,31℃,24℃,雷阵雨~阴,东北风,3-4级,26,优,1
2018-08-16,30℃,22℃,小雨~多云,东北风,4-5级,36,优,1
2018-08-17,31℃,23℃,多云~阵雨,东北风,1-2级,55,良,2
2018-08-18,26℃,23℃,大雨,东北风,4-5级,62,良,2
2018-08-19,26℃,23℃,暴雨,东风,4-5级,19,优,1
2018-08-20,28℃,21℃,阵雨~晴,北风,3-4级,21,优,1
2018-08-21,31℃,23℃,晴,东北风,1-2级,58,良,2
2018-08-22,30℃,22℃,多云,东北风,3-4级,122,轻度污染,3
2018-08-23,29℃,21℃,晴,北风,3-4级,67,良,2
2018-08-24,30℃,20℃,晴,北风,1-2级,73,良,2
2018-08-25,31℃,22℃,晴,南风,1-2级,71,良,2
2018-08-26,31℃,21℃,晴,南风,1-2级,72,良,2
2018-08-27,31℃,22℃,多云~小雨,东北风,1-2级,77,良,2
2018-08-28,31℃,23℃,多云,东北风,1-2级,88,良,2
2018-08-29,32℃,23℃,多云~晴,东北风,1-2级,85,良,2
2018-08-30,31℃,23℃,多云~阴,东北风,3-4级,81,良,2
2018-08-31,29℃,22℃,多云,东北风,3-4级,64,良,2
2018-07-01,33℃,23℃,晴~多云,东北风,1-2级,83,良,2
2018-07-02,32℃,23℃,多云~雷阵雨,东风,1-2级,78,良,2
2018-07-03,32℃,24℃,多云,东风,1-2级,84,良,2
2018-07-04,31℃,23℃,多云,南风,1-2级,93,良,2
2018-07-05,35℃,24℃,晴,东北风,1-2级,103,轻度污染,3
2018-07-06,34℃,23℃,晴,北风,1-2级,112,轻度污染,3
2018-07-07,33℃,23℃,晴~多云,东南风,1-2级,76,良,2
2018-07-08,31℃,23℃,多云~雷阵雨,南风,1-2级,51,良,2
2018-07-09,29℃,22℃,雷阵雨~多云,北风,1-2级,56,良,2
2018-07-10,28℃,23℃,雷阵雨,东北风,1-2级,62,良,2
2018-07-11,32℃,25℃,阴~多云,东风,1-2级,77,良,2
2018-07-12,35℃,26℃,多云,南风,1-2级,57,良,2
2018-07-13,35℃,27℃,多云~雷阵雨,南风,1-2级,58,良,2
2018-07-14,34℃,26℃,雷阵雨,南风,3-4级,44,优,1
2018-07-15,35℃,28℃,多云~晴,南风,1-2级,51,良,2
2018-07-16,36℃,27℃,晴,南风,1-2级,66,良,2
2018-07-17,35℃,29℃,多云~晴,南风,1-2级,65,良,2
2018-07-18,36℃,29℃,晴,南风,1-2级,58,良,2
2018-07-19,37℃,30℃,晴,南风,3-4级,65,良,2
2018-07-20,37℃,29℃,晴,南风,3-4级,72,良,2
2018-07-21,37℃,27℃,晴,南风,3-4级,83,良,2
2018-07-22,37℃,28℃,晴~阴,东北风,1-2级,77,良,2
2018-07-23,32℃,24℃,大雨,东北风,4-5级,54,良,2
2018-07-24,35℃,29℃,多云~晴,南风,3-4级,38,优,1
2018-07-25,38℃,27℃,晴~多云,南风,1-2级,80,良,2
2018-07-26,34℃,26℃,雷阵雨,东北风,1-2级,58,良,2
2018-07-27,32℃,25℃,雷阵雨,北风,1-2级,64,良,2
2018-07-28,33℃,25℃,雷阵雨,东风,1-2级,56,良,2
2018-07-29,33℃,26℃,雷阵雨~多云,东风,1-2级,49,优,1
2018-07-30,33℃,26℃,雷阵雨~多云,东风,1-2级,75,良,2
2018-07-31,34℃,26℃,多云,东风,1-2级,65,良,2
2018-06-01,34℃,24℃,晴,南风,1-2级,105,轻度污染,3
2018-06-02,33℃,24℃,晴,南风,1-2级,94,良,2
2018-06-03,33℃,24℃,晴~多云,南风,3-4级,108,轻度污染,3
2018-06-04,33℃,25℃,多云~晴,南风,1-2级,113,轻度污染,3
2018-06-05,37℃,28℃,晴,南风,3-4级,113,轻度污染,3
2018-06-06,37℃,28℃,晴,南风,3-4级,110,轻度污染,3
2018-06-07,36℃,25℃,多云,南风,1-2级,102,轻度污染,3
2018-06-08,35℃,20℃,多云~雷阵雨,东北风,1-2级,101,轻度污染,3
2018-06-09,22℃,17℃,中雨,北风,1-2级,53,良,2
2018-06-10,24℃,17℃,阵雨~多云,北风,3-4级,44,优,1
2018-06-11,31℃,22℃,晴,东南风,1-2级,81,良,2
2018-06-12,36℃,26℃,晴,南风,1-2级,100,良,2
2018-06-13,32℃,20℃,雷阵雨~多云,南风,3-4级,71,良,2
2018-06-14,31℃,20℃,晴,北风,1-2级,67,良,2
2018-06-15,33℃,23℃,晴,南风,1-2级,79,良,2
2018-06-16,32℃,24℃,多云,南风,1-2级,71,良,2
2018-06-17,31℃,23℃,多云,南风,1-2级,76,良,2
2018-06-18,32℃,23℃,多云,南风,1-2级,82,良,2
2018-06-19,33℃,21℃,多云,南风,1-2级,81,良,2
2018-06-20,34℃,24℃,晴,北风,1-2级,105,轻度污染,3
2018-06-21,36℃,27℃,晴~多云,南风,1-2级,90,良,2
2018-06-22,35℃,25℃,多云~晴,南风,1-2级,72,良,2
2018-06-23,35℃,26℃,晴,南风,3-4级,73,良,2
2018-06-24,35℃,25℃,晴,南风,3-4级,80,良,2
2018-06-25,29℃,22℃,大雨,南风,3-4级,50,优,1
2018-06-26,29℃,24℃,阴~多云,南风,1-2级,35,优,1
2018-06-27,35℃,26℃,晴~多云,南风,1-2级,60,良,2
2018-06-28,33℃,22℃,晴,北风,1-2级,60,良,2
2018-06-29,35℃,25℃,晴,南风,1-2级,60,良,2
2018-06-30,35℃,23℃,晴,东风,1-2级,92,良,2
2018-05-01,24℃,13℃,雷阵雨~阵雨,北风,1-2级,167,中度污染,4
2018-05-02,22℃,13℃,多云~晴,北风,3-4级,48,优,1
2018-05-03,23℃,16℃,晴,北风,3-4级,55,良,2
2018-05-04,29℃,20℃,晴,南风,4-5级,78,良,2
2018-05-05,23℃,15℃,雷阵雨~阵雨,南风,1-2级,58,良,2
2018-05-06,24℃,15℃,多云,北风,3-4级,80,良,2
2018-05-07,27℃,16℃,晴,东北风,1-2级,114,轻度污染,3
2018-05-08,27℃,16℃,晴,东北风,1-2级,114,轻度污染,3
2018-05-09,28℃,18℃,晴,东南风,1-2级,93,良,2
2018-05-10,28℃,18℃,晴~多云,南风,3-4级,85,良,2
2018-05-11,20℃,16℃,小雨,南风,1-2级,81,良,2
2018-05-12,28℃,19℃,多云,南风,1-2级,82,良,2
2018-05-13,33℃,25℃,晴,南风,1-2级,95,良,2
2018-05-14,35℃,26℃,晴,南风,4-5级,87,良,2
2018-05-15,33℃,21℃,大雨,南风,3-4级,61,良,2
2018-05-16,29℃,21℃,阵雨,南风,1-2级,39,优,1
2018-05-17,25℃,19℃,阴~多云,北风,1-2级,66,良,2
2018-05-18,27℃,18℃,多云,东北风,3-4级,88,良,2
2018-05-19,26℃,17℃,多云,东北风,3-4级,88,良,2
2018-05-20,24℃,15℃,阴~多云,东风,1-2级,56,良,2
2018-05-21,23℃,15℃,阴~阵雨,北风,1-2级,50,优,1
2018-05-22,22℃,15℃,多云~晴,北风,3-4级,51,良,2
2018-05-23,29℃,21℃,晴,南风,4-5级,104,轻度污染,3
2018-05-24,30℃,21℃,晴~多云,南风,4-5级,93,良,2
2018-05-25,29℃,20℃,多云~晴,南风,1-2级,78,良,2
2018-05-26,29℃,21℃,多云,南风,1-2级,124,轻度污染,3
2018-05-27,31℃,21℃,多云~晴,北风,1-2级,128,轻度污染,3
2018-05-28,33℃,20℃,多云,南风,3-4级,136,轻度污染,3
2018-05-29,31℃,20℃,多云,东北风,1-2级,114,轻度污染,3
2018-05-30,32℃,19℃,晴,东北风,1-2级,96,良,2
2018-05-31,33℃,19℃,晴,北风,1-2级,96,良,2
2018-04-01,30℃,21℃,晴,南风,3-4级,121,轻度污染,3
2018-04-02,31℃,15℃,晴~多云,南风,4-5级,125,轻度污染,3
2018-04-03,14℃,7℃,多云,东北风,4-5级,164,中度污染,4
2018-04-04,11℃,5℃,多云~小雨,北风,4-5级,53,良,2
2018-04-05,9℃,2℃,阴~多云,北风,1-2级,76,良,2
2018-04-06,11℃,1℃,多云,西北风,4-5级,88,良,2
2018-04-07,14℃,5℃,晴,西北风,3-4级,62,良,2
2018-04-08,22℃,13℃,晴,南风,3-4级,99,良,2
2018-04-09,27℃,16℃,晴,南风,1-2级,112,轻度污染,3
2018-04-10,27℃,14℃,晴,南风,4-5级,217,重度污染,5
2018-04-11,24℃,15℃,晴~多云,北风,1-2级,101,轻度污染,3
2018-04-12,25℃,12℃,多云~小雨,东北风,3-4级,140,轻度污染,3
2018-04-13,12℃,6℃,小雨~多云,东北风,3-4级,56,良,2
2018-04-14,17℃,7℃,晴,北风,3-4级,79,良,2
2018-04-15,20℃,11℃,晴,北风,1-2级,91,良,2
2018-04-16,23℃,13℃,晴,南风,3-4级,121,轻度污染,3
2018-04-17,25℃,18℃,晴,南风,3-4级,124,轻度污染,3
2018-04-18,29℃,20℃,晴,南风,4-5级,116,轻度污染,3
2018-04-19,31℃,22℃,晴,南风,3-4级,90,良,2
2018-04-20,31℃,24℃,晴~阴,南风,4-5级,95,良,2
2018-04-21,31℃,21℃,小雨~中雨,东北风,3-4级,94,良,2
2018-04-22,12℃,10℃,中雨~小雨,东北风,4-5级,52,良,2
2018-04-23,17℃,8℃,多云,东北风,4-5级,57,良,2
2018-04-24,20℃,8℃,晴,东北风,1-2级,71,良,2
2018-04-25,23℃,14℃,晴,南风,1-2级,70,良,2
2018-04-26,27℃,15℃,晴~多云,南风,3-4级,85,良,2
2018-04-27,23℃,15℃,晴,东北风,1-2级,112,轻度污染,3
2018-04-28,31℃,22℃,晴,南风,4-5级,99,良,2
2018-04-29,31℃,21℃,晴,南风,3-4级,84,良,2
2018-04-30,30℃,17℃,多云,北风,1-2级,117,轻度污染,3
2018-03-01,10℃,4℃,多云~晴,东北风,3-4级,89,良,2
2018-03-02,15℃,6℃,晴,南风,4-5级,73,良,2
2018-03-03,21℃,8℃,晴~小雨,南风,4-5级,70,良,2
2018-03-04,5℃,-1℃,小雨~雨夹雪,东北风,4-5级,95,良,2
2018-03-05,9℃,0℃,晴,东北风,3-4级,57,良,2
2018-03-06,10℃,2℃,多云~阴,北风,1-2级,89,良,2
2018-03-07,9℃,0℃,阴,南风,1-2级,82,良,2
2018-03-08,7℃,-2℃,多云~晴,北风,3-4级,80,良,2
2018-03-09,13℃,1℃,晴,南风,3-4级,91,良,2
2018-03-10,17℃,7℃,晴,南风,1-2级,126,轻度污染,3
2018-03-11,20℃,10℃,多云~晴,南风,1-2级,224,重度污染,5
2018-03-12,22℃,16℃,晴,南风,4-5级,114,轻度污染,3
2018-03-13,26℃,19℃,晴,南风,4-5级,72,良,2
2018-03-14,27℃,8℃,晴~阴,南风,3-4级,71,良,2
2018-03-15,8℃,0℃,阵雨~多云,东北风,4-5级,102,轻度污染,3
2018-03-16,10℃,1℃,晴~多云,东北风,1-2级,54,良,2
2018-03-17,9℃,3℃,多云~小雨,北风,1-2级,114,轻度污染,3
2018-03-18,6℃,3℃,小雨~阴,北风,1-2级,121,轻度污染,3
2018-03-19,12℃,2℃,多云,北风,3-4级,127,轻度污染,3
2018-03-20,7℃,0℃,多云,东北风,3-4级,59,良,2
2018-03-21,11℃,3℃,晴,北风,1-2级,70,良,2
2018-03-22,16℃,7℃,多云~晴,南风,1-2级,102,轻度污染,3
2018-03-23,22℃,8℃,多云~雷阵雨,南风,3-4级,114,轻度污染,3
2018-03-24,18℃,7℃,阴~晴,北风,1-2级,66,良,2
2018-03-25,24℃,16℃,晴,南风,1-2级,101,轻度污染,3
2018-03-26,26℃,18℃,晴~多云,南风,4-5级,91,良,2
2018-03-27,29℃,20℃,晴,南风,4-5级,84,良,2
2018-03-28,30℃,12℃,晴,南风,4-5级,101,轻度污染,3
2018-03-29,19℃,11℃,多云~晴,北风,4-5级,150,轻度污染,3
2018-03-30,24℃,14℃,晴,东北风,1-2级,117,轻度污染,3
2018-03-31,26℃,18℃,晴~多云,南风,3-4级,95,良,2
2018-02-01,7℃,-5℃,晴,南风,3-4级,91,良,2
2018-02-02,1℃,-9℃,晴,北风,3-4级,74,良,2
2018-02-03,0℃,-8℃,晴,北风,1-2级,67,良,2
2018-02-04,3℃,-7℃,晴,南风,1-2级,79,良,2
2018-02-05,1℃,-9℃,晴,北风,1-2级,65,良,2
2018-02-06,3℃,-6℃,晴,南风,1-2级,60,良,2
2018-02-07,3℃,-8℃,晴,北风,3-4级,91,良,2
2018-02-08,6℃,-6℃,晴~多云,南风,4-5级,72,良,2
2018-02-09,9℃,-4℃,多云~晴,北风,3-4级,126,轻度污染,3
2018-02-10,4℃,-7℃,晴,北风,3-4级,82,良,2
2018-02-11,2℃,-6℃,晴,北风,3-4级,94,良,2
2018-02-12,6℃,-4℃,晴,西风,3-4级,69,良,2
2018-02-13,12℃,2℃,晴,南风,4-5级,83,良,2
2018-02-14,9℃,-1℃,多云,东北风,3-4级,105,轻度污染,3
2018-02-15,8℃,1℃,多云,北风,1-2级,65,良,2
2018-02-16,10℃,-1℃,晴~多云,北风,1-2级,104,轻度污染,3
2018-02-17,10℃,2℃,多云~阴,南风,1-2级,158,中度污染,4
2018-02-18,10℃,2℃,多云,南风,1-2级,90,良,2
2018-02-19,12℃,2℃,多云,南风,1-2级,108,轻度污染,3
2018-02-20,7℃,0℃,多云~阴,北风,1-2级,191,中度污染,4
2018-02-21,8℃,2℃,多云~晴,南风,1-2级,137,轻度污染,3
2018-02-22,12℃,4℃,晴,南风,3-4级,126,轻度污染,3
2018-02-23,16℃,3℃,晴~雨夹雪,西南风,3-4级,79,良,2
2018-02-24,2℃,-3℃,小雪~多云,东北风,4-5级,93,良,2
2018-02-25,11℃,0℃,晴,南风,1-2级,94,良,2
2018-02-26,17℃,6℃,晴,南风,4-5级,122,轻度污染,3
2018-02-27,15℃,4℃,多云~阵雨,东北风,3-4级,186,中度污染,4
2018-02-28,15℃,4℃,多云,南风,3-4级,183,中度污染,4
2018-01-01,10℃,-2℃,晴~多云,南风,1-2级,170,中度污染,4
2018-01-02,5℃,-3℃,多云~小雪,北风,3-4级,188,中度污染,4
2018-01-03,0℃,-3℃,阴~小雪,北风,1-2级,61,良,2
2018-01-04,-1℃,-6℃,小雪~阴,北风,1-2级,64,良,2
2018-01-05,2℃,-4℃,晴~多云,北风,1-2级,84,良,2
2018-01-06,4℃,-3℃,多云~小雪,无持续风向,微风,115,轻度污染,3
2018-01-07,1℃,-4℃,小雪~阴,北风,1-2级,161,中度污染,4
2018-01-08,2℃,-6℃,晴,无持续风向,3-4级,119,轻度污染,3
2018-01-09,4℃,-8℃,晴,西北风,1-2级,74,良,2
2018-01-10,0℃,-9℃,晴,北风,3-4级,55,良,2
2018-01-11,-2℃,-10℃,晴,北风,1-2级,45,优,1
2018-01-12,3℃,-8℃,晴,南风,3-4级,65,良,2
2018-01-13,7℃,-2℃,晴,南风,3-4级,72,良,2
2018-01-14,9℃,0℃,晴,南风,3-4级,98,良,2
2018-01-15,8℃,1℃,晴~多云,东风,1-2级,183,中度污染,4
2018-01-16,7℃,-1℃,多云,北风,1-2级,205,重度污染,5
2018-01-17,8℃,-2℃,晴,南风,1-2级,249,重度污染,5
2018-01-18,7℃,1℃,多云~晴,南风,1-2级,261,重度污染,5
2018-01-19,9℃,0℃,晴,南风,1-2级,263,重度污染,5
2018-01-20,10℃,1℃,晴,东南风,1-2级,201,重度污染,5
2018-01-21,4℃,-2℃,雾~阴,北风,1-2级,238,重度污染,5
2018-01-22,1℃,-8℃,阴~多云,北风,1-2级,77,良,2
2018-01-23,-3℃,-9℃,晴,北风,1-2级,59,良,2
2018-01-24,-2℃,-7℃,晴~多云,北风,1-2级,63,良,2
2018-01-25,-2℃,-9℃,多云,东北风,3-4级,75,良,2
2018-01-26,0℃,-9℃,晴~阴,东北风,1-2级,70,良,2
2018-01-27,-3℃,-7℃,小雪,东南风,1-2级,113,轻度污染,3
2018-01-28,-2℃,-9℃,多云~晴,北风,1-2级,107,轻度污染,3
2018-01-29,1℃,-8℃,晴,南风,1-2级,146,轻度污染,3
2018-01-30,4℃,-5℃,多云,南风,1-2级,91,良,2
2018-01-31,3℃,-4℃,晴,南风,1-2级,110,轻度污染,3
2017-12-01,8℃,-1℃,晴,南风,1-2级,110,轻度污染,3
2017-12-02,11℃,2℃,晴~多云,南风,3-4级,138,轻度污染,3
2017-12-03,8℃,-3℃,多云,东北风,3-4级,170,中度污染,4
2017-12-04,4℃,-4℃,晴,北风,1-2级,56,良,2
2017-12-05,6℃,-3℃,晴,南风,1-2级,76,良,2
2017-12-06,9℃,-2℃,晴,南风,3-4级,115,轻度污染,3
2017-12-07,6℃,-4℃,晴,北风,1-2级,151,中度污染,4
2017-12-08,7℃,-1℃,晴,南风,3-4级,63,良,2
2017-12-09,9℃,-2℃,多云~晴,南风,3-4级,85,良,2
2017-12-10,7℃,-3℃,晴,北风,1-2级,125,轻度污染,3
2017-12-11,4℃,-5℃,晴,东北风,3-4级,90,良,2
2017-12-12,4℃,-4℃,晴~多云,东北风,1-2级,68,良,2
2017-12-13,4℃,-2℃,多云,东北风,1-2级,129,轻度污染,3
2017-12-14,3℃,-1℃,小雪,南风,1-2级,157,中度污染,4
2017-12-15,2℃,-6℃,小雪~晴,无持续风向,微风,188,中度污染,4
2017-12-16,1℃,-6℃,晴,无持续风向,3-4级,99,良,2
2017-12-17,5℃,-2℃,晴,南风,3-4级,67,良,2
2017-12-18,7℃,-4℃,晴,北风,1-2级,83,良,2
2017-12-19,7℃,-2℃,晴,南风,1-2级,81,良,2
2017-12-20,8℃,-2℃,晴,北风,1-2级,100,良,2
2017-12-21,11℃,2℃,晴,南风,3-4级,73,良,2
2017-12-22,11℃,1℃,晴~多云,南风,3-4级,114,轻度污染,3
2017-12-23,10℃,-1℃,多云~晴,西北风,1-2级,176,中度污染,4
2017-12-24,7℃,-4℃,晴,北风,3-4级,126,轻度污染,3
2017-12-25,8℃,-3℃,晴,南风,3-4级,80,良,2
2017-12-26,7℃,-2℃,晴,东北风,3-4级,131,轻度污染,3
2017-12-27,11℃,2℃,晴,南风,3-4级,128,轻度污染,3
2017-12-28,22℃,2℃,晴,南风,1-2级,182,中度污染,4
2017-12-29,9℃,1℃,多云,北风,1-2级,309,严重污染,6
2017-12-30,8℃,-4℃,多云~晴,北风,3-4级,335,严重污染,6
2017-12-31,7℃,-2℃,晴,南风,1-2级,160,中度污染,4
2017-11-01,18℃,9℃,多云~晴,南风,1-2级,101,轻度污染,3
2017-11-02,22℃,9℃,晴,南风,3-4级,151,中度污染,4
2017-11-03,14℃,2℃,晴,北风,3-4级,100,良,2
2017-11-04,15℃,6℃,晴,南风,1-2级,61,良,2
2017-11-05,17℃,9℃,晴,南风,3-4级,69,良,2
2017-11-06,20℃,12℃,晴,南风,3-4级,73,良,2
2017-11-07,22℃,7℃,晴,南风,1-2级,122,轻度污染,3
2017-11-08,19℃,10℃,晴,北风,1-2级,149,轻度污染,3
2017-11-09,20℃,10℃,多云~小雨,南风,3-4级,91,良,2
2017-11-10,13℃,2℃,晴,北风,3-4级,78,良,2
2017-11-11,13℃,5℃,晴,南风,1-2级,65,良,2
2017-11-12,16℃,8℃,多云~晴,南风,3-4级,82,良,2
2017-11-13,17℃,1℃,晴,北风,1-2级,93,良,2
2017-11-14,12℃,2℃,晴,东北风,1-2级,78,良,2
2017-11-15,13℃,5℃,晴~多云,东北风,1-2级,90,良,2
2017-11-16,15℃,7℃,多云,南风,1-2级,123,轻度污染,3
2017-11-17,10℃,-2℃,多云~晴,北风,3-4级,140,轻度污染,3
2017-11-18,5℃,-2℃,晴,北风,1-2级,40,优,1
2017-11-19,8℃,0℃,多云,南风,1-2级,74,良,2
2017-11-20,10℃,2℃,多云~晴,南风,1-2级,128,轻度污染,3
2017-11-21,12℃,1℃,晴,南风,3-4级,112,轻度污染,3
2017-11-22,9℃,-1℃,晴,北风,1-2级,97,良,2
2017-11-23,9℃,-1℃,晴,南风,1-2级,75,良,2
2017-11-24,9℃,3℃,晴,南风,3-4级,64,良,2
2017-11-25,15℃,1℃,晴,南风,3-4级,114,轻度污染,3
2017-11-26,7℃,-1℃,晴,北风,3-4级,108,轻度污染,3
2017-11-27,12℃,4℃,晴~多云,南风,3-4级,97,良,2
2017-11-28,14℃,0℃,晴,南风,3-4级,129,轻度污染,3
2017-11-29,5℃,-3℃,多云,北风,3-4级,77,良,2
2017-11-30,6℃,-4℃,晴,北风,1-2级,94,良,2
2017-10-01,24℃,17℃,阴~多云,东北风,3-4级,67,良,2
2017-10-02,24℃,14℃,晴~多云,东北风,3-4级,59,良,2
2017-10-03,19℃,12℃,多云,东北风,3-4级,56,良,2
2017-10-04,19℃,12℃,多云,南风,1-2级,60,良,2
2017-10-05,18℃,11℃,小雨~多云,南风,1-2级,56,良,2
2017-10-06,23℃,13℃,晴~多云,南风,1-2级,84,良,2
2017-10-07,24℃,16℃,小雨,南风,1-2级,115,轻度污染,3
2017-10-08,20℃,16℃,小雨,北风,1-2级,136,轻度污染,3
2017-10-09,20℃,14℃,小雨,东北风,3-4级,67,良,2
2017-10-10,14℃,8℃,小雨~阴,东北风,3-4级,19,优,1
2017-10-11,16℃,10℃,多云,北风,1-2级,44,优,1
2017-10-12,18℃,10℃,晴,南风,1-2级,69,良,2
2017-10-13,20℃,12℃,晴~多云,南风,1-2级,88,良,2
2017-10-14,21℃,14℃,多云,南风,1-2级,137,轻度污染,3
2017-10-15,20℃,14℃,多云~阴,北风,1-2级,136,轻度污染,3
2017-10-16,19℃,12℃,阴,北风,1-2级,157,中度污染,4
2017-10-17,17℃,2℃,阴~小雨,北风,1-2级,124,轻度污染,3
2017-10-18,17℃,11℃,多云,北风,1-2级,85,良,2
2017-10-19,20℃,10℃,多云~晴,南风,1-2级,100,良,2
2017-10-20,21℃,12℃,晴,南风,1-2级,102,轻度污染,3
2017-10-21,23℃,11℃,晴~多云,南风,1-2级,103,轻度污染,3
2017-10-22,16℃,7℃,多云~晴,东北风,3-4级,104,轻度污染,3
2017-10-23,16℃,5℃,多云~晴,东北风,1-2级,62,良,2
2017-10-24,19℃,8℃,晴,南风,1-2级,69,良,2
2017-10-25,18℃,11℃,多云,南风,1-2级,98,良,2
2017-10-26,21℃,13℃,晴,南风,1-2级,99,良,2
2017-10-27,24℃,15℃,晴,南风,1-2级,112,轻度污染,3
2017-10-28,23℃,8℃,晴~多云,南风,1-2级,134,轻度污染,3
2017-10-29,13℃,3℃,晴,北风,3-4级,48,优,1
2017-10-30,15℃,7℃,晴,南风,1-2级,69,良,2
2017-10-31,17℃,11℃,多云,南风,3-4级,80,良,2
2017-09-01,28℃,20℃,晴,南风,1-2级,65,良,2
2017-09-02,28℃,19℃,晴,南风,1-2级,73,良,2
2017-09-03,28℃,20℃,多云,南风,1-2级,76,良,2
2017-09-04,26℃,20℃,阴~小雨,东南风,1-2级,54,良,2
2017-09-05,27℃,20℃,阴~小雨,南风,1-2级,50,优,1
2017-09-06,28℃,20℃,阴~多云,南风,1-2级,58,良,2
2017-09-07,32℃,23℃,晴,南风,1-2级,56,良,2
2017-09-08,32℃,22℃,晴,南风,1-2级,59,良,2
2017-09-09,32℃,20℃,晴~小雨,南风,1-2级,63,良,2
2017-09-10,23℃,17℃,小雨~多云,北风,1-2级,62,良,2
2017-09-11,29℃,18℃,晴,北风,1-2级,70,良,2
2017-09-12,30℃,19℃,晴,南风,1-2级,85,良,2
2017-09-13,32℃,18℃,晴,南风,1-2级,79,良,2
2017-09-14,31℃,19℃,晴,南风,1-2级,70,良,2
2017-09-15,30℃,20℃,晴,东风,1-2级,98,良,2
2017-09-16,30℃,20℃,晴,南风,1-2级,91,良,2
2017-09-17,29℃,19℃,多云,北风,1-2级,93,良,2
2017-09-18,32℃,23℃,晴~多云,南风,3-4级,113,轻度污染,3
2017-09-19,30℃,19℃,晴,南风,1-2级,87,良,2
2017-09-20,31℃,20℃,晴,东南风,1-2级,84,良,2
2017-09-21,31℃,22℃,晴,南风,3-4级,84,良,2
2017-09-22,30℃,19℃,晴,北风,3-4级,90,良,2
2017-09-23,31℃,23℃,晴,南风,3-4级,107,轻度污染,3
2017-09-24,31℃,21℃,晴~多云,南风,1-2级,74,良,2
2017-09-25,28℃,19℃,多云~阴,南风,1-2级,65,良,2
2017-09-26,26℃,18℃,小雨,北风,1-2级,67,良,2
2017-09-27,25℃,15℃,阴~多云,北风,3-4级,57,良,2
2017-09-28,23℃,12℃,晴,北风,3-4级,65,良,2
2017-09-29,27℃,19℃,晴,南风,3-4级,87,良,2
2017-09-30,27℃,18℃,多云~小雨,南风,3-4级,71,良,2
2017-08-01,32℃,25℃,雷阵雨,东北风,3-4级,66,良,2
2017-08-02,30℃,25℃,中雨,东北风,3-4级,67,良,2
2017-08-03,31℃,26℃,阴~多云,南风,1-2级,54,良,2
2017-08-04,35℃,25℃,晴,南风,1-2级,68,良,2
2017-08-05,35℃,27℃,晴,东北风,1-2级,89,良,2
2017-08-06,34℃,25℃,雷阵雨~多云,北风,1-2级,88,良,2
2017-08-07,34℃,24℃,晴~多云,北风,1-2级,76,良,2
2017-08-08,34℃,24℃,晴~多云,南风,1-2级,90,良,2
2017-08-09,32℃,23℃,雷阵雨~多云,南风,1-2级,77,良,2
2017-08-10,35℃,25℃,多云~晴,南风,1-2级,84,良,2
2017-08-11,35℃,25℃,晴~多云,南风,1-2级,82,良,2
2017-08-12,33℃,23℃,雷阵雨,南风,1-2级,78,良,2
2017-08-13,30℃,23℃,雷阵雨,北风,3-4级,62,良,2
2017-08-14,29℃,22℃,阴~晴,东北风,3-4级,35,优,1
2017-08-15,31℃,22℃,晴,北风,1-2级,48,优,1
2017-08-16,32℃,23℃,多云~雷阵雨,南风,1-2级,74,良,2
2017-08-17,30℃,22℃,雷阵雨,北风,1-2级,64,良,2
2017-08-18,30℃,23℃,雷阵雨,东北风,1-2级,69,良,2
2017-08-19,31℃,22℃,雷阵雨~阴,东北风,1-2级,74,良,2
2017-08-20,31℃,23℃,晴,北风,1-2级,75,良,2
2017-08-21,32℃,24℃,晴,南风,1-2级,73,良,2
2017-08-22,32℃,25℃,多云,南风,1-2级,70,良,2
2017-08-23,31℃,24℃,雷阵雨~中雨,南风,1-2级,54,良,2
2017-08-24,32℃,22℃,阴~晴,东北风,1-2级,57,良,2
2017-08-25,30℃,20℃,晴,北风,1-2级,70,良,2
2017-08-26,30℃,22℃,多云,北风,1-2级,65,良,2
2017-08-27,29℃,20℃,多云~雷阵雨,南风,1-2级,77,良,2
2017-08-28,23℃,19℃,小雨~多云,东北风,1-2级,44,优,1
2017-08-29,22℃,15℃,小雨~中雨,东北风,1-2级,63,良,2
2017-08-30,21℃,15℃,阵雨~晴,南风,1-2级,38,优,1
2017-08-31,27℃,17℃,晴,南风,1-2级,51,良,2
2017-07-01,33℃,24℃,多云,东南风,1-2级,110,轻度污染,3
2017-07-02,34℃,25℃,多云,南风,1-2级,104,轻度污染,3
2017-07-03,35℃,26℃,多云,南风,1-2级,123,轻度污染,3
2017-07-04,36℃,24℃,多云~雷阵雨,南风,1-2级,97,良,2
2017-07-05,34℃,22℃,雷阵雨,南风,1-2级,87,良,2
2017-07-06,29℃,21℃,大雨,南风,1-2级,66,良,2
2017-07-07,33℃,26℃,多云,南风,1-2级,51,良,2
2017-07-08,36℃,28℃,晴,南风,3-4级,63,良,2
2017-07-09,34℃,25℃,多云,南风,3-4级,51,良,2
2017-07-10,35℃,24℃,晴,西南风,1-2级,78,良,2
2017-07-11,36℃,28℃,晴,南风,3-4级,73,良,2
2017-07-12,38℃,29℃,晴,南风,3-4级,57,良,2
2017-07-13,37℃,28℃,晴~多云,南风,3-4级,55,良,2
2017-07-14,37℃,26℃,雷阵雨,南风,1-2级,53,良,2
2017-07-15,31℃,24℃,雷阵雨~中雨,无持续风向,微风,51,良,2
2017-07-16,29℃,24℃,雷阵雨,北风,1-2级,52,良,2
2017-07-17,31℃,24℃,雷阵雨,南风,1-2级,73,良,2
2017-07-18,32℃,25℃,雷阵雨~多云,南风,3-4级,55,良,2
2017-07-19,33℃,27℃,多云,南风,3-4级,44,优,1
2017-07-20,35℃,27℃,多云,南风,3-4级,51,良,2
2017-07-21,36℃,29℃,多云,南风,1-2级,53,良,2
2017-07-22,34℃,27℃,多云,南风,1-2级,120,轻度污染,3
2017-07-23,35℃,24℃,多云~雷阵雨,南风,1-2级,118,轻度污染,3
2017-07-24,32℃,25℃,雷阵雨,北风,1-2级,138,轻度污染,3
2017-07-25,32℃,25℃,雷阵雨~多云,北风,1-2级,123,轻度污染,3
2017-07-26,33℃,24℃,雷阵雨,北风,1-2级,81,良,2
2017-07-27,29℃,23℃,雷阵雨,北风,1-2级,65,良,2
2017-07-28,29℃,23℃,阵雨~多云,东北风,1-2级,114,轻度污染,3
2017-07-29,26℃,21℃,阵雨~多云,北风,1-2级,48,优,1
2017-07-30,28℃,20℃,小雨,东北风,1-2级,120,轻度污染,3
2017-07-31,28℃,23℃,小雨,东北风,1-2级,186,中度污染,4
2017-06-01,32℃,21℃,晴,北风,3-4级,116,轻度污染,3
2017-06-02,34℃,15℃,雷阵雨,南风,3-4级,97,良,2
2017-06-03,27℃,17℃,多云~晴,东北风,1-2级,67,良,2
2017-06-04,31℃,20℃,晴,东南风,1-2级,89,良,2
2017-06-05,25℃,15℃,多云~小到中雨,北风,1-2级,58,良,2
2017-06-06,21℃,14℃,小雨~多云,北风,3-4级,49,优,1
2017-06-07,30℃,20℃,晴~多云,南风,1-2级,68,良,2
2017-06-08,32℃,23℃,多云,南风,3-4级,82,良,2
2017-06-09,34℃,24℃,晴,南风,1-2级,73,良,2
2017-06-10,33℃,23℃,多云,北风,1-2级,109,轻度污染,3
2017-06-11,31℃,22℃,多云~阴,南风,1-2级,104,轻度污染,3
2017-06-12,28℃,18℃,雷阵雨,南风,3-4级,94,良,2
2017-06-13,26℃,18℃,雷阵雨~多云,北风,1-2级,102,轻度污染,3
2017-06-14,32℃,21℃,晴,北风,1-2级,154,中度污染,4
2017-06-15,34℃,23℃,晴,南风,1-2级,126,轻度污染,3
2017-06-16,35℃,24℃,晴,南风,1-2级,108,轻度污染,3
2017-06-17,36℃,27℃,晴,南风,3-4级,98,良,2
2017-06-18,35℃,27℃,晴~多云,南风,3-4级,97,良,2
2017-06-19,34℃,23℃,多云~雷阵雨,南风,3-4级,89,良,2
2017-06-20,33℃,24℃,雷阵雨~晴,南风,1-2级,101,轻度污染,3
2017-06-21,35℃,25℃,多云,东南风,3-4级,93,良,2
2017-06-22,32℃,21℃,雷阵雨,南风,3-4级,89,良,2
2017-06-23,29℃,20℃,雷阵雨~中雨,南风,1-2级,86,良,2
2017-06-24,27℃,19℃,雷阵雨~多云,北风,3-4级,73,良,2
2017-06-25,28℃,20℃,多云,北风,1-2级,65,良,2
2017-06-26,31℃,21℃,多云~晴,北风,1-2级,88,良,2
2017-06-27,33℃,24℃,晴,南风,1-2级,94,良,2
2017-06-28,35℃,26℃,晴,南风,1-2级,102,轻度污染,3
2017-06-29,35℃,26℃,晴,南风,1-2级,93,良,2
2017-06-30,34℃,25℃,雷阵雨~多云,南风,1-2级,87,良,2
2017-05-01,30℃,19℃,多云,南风,1-2级,215,重度污染,5
2017-05-02,30℃,17℃,多云,南风,3-4级,107,轻度污染,3
2017-05-03,26℃,15℃,多云~雷阵雨,南风,3-4级,68,良,2
2017-05-04,25℃,16℃,多云~晴,北风,3-4级,100,良,2
2017-05-05,24℃,12℃,晴,西北风,4-5级,249,重度污染,5
2017-05-06,26℃,18℃,晴,西南风,3-4级,182,中度污染,4
2017-05-07,30℃,20℃,晴~多云,西南风,3-4级,186,中度污染,4
2017-05-08,26℃,15℃,雷阵雨,南风,1-2级,120,轻度污染,3
2017-05-09,27℃,17℃,多云~晴,北风,1-2级,74,良,2
2017-05-10,31℃,21℃,晴,南风,3-4级,96,良,2
2017-05-11,32℃,18℃,多云,南风,3-4级,96,良,2
2017-05-12,30℃,19℃,晴,南风,3-4级,125,轻度污染,3
2017-05-13,28℃,15℃,晴,北风,3-4级,108,轻度污染,3
2017-05-14,25℃,16℃,多云,北风,1-2级,92,良,2
2017-05-15,25℃,16℃,多云,南风,1-2级,97,良,2
2017-05-16,30℃,22℃,晴,南风,3-4级,64,良,2
2017-05-17,33℃,25℃,晴,南风,3-4级,78,良,2
2017-05-18,35℃,26℃,晴,南风,4-5级,87,良,2
2017-05-19,33℃,22℃,多云,南风,3-4级,76,良,2
2017-05-20,32℃,22℃,晴,南风,1-2级,106,轻度污染,3
2017-05-21,32℃,23℃,晴,南风,1-2级,99,良,2
2017-05-22,31℃,16℃,多云~小到中雨,南风,3-4级,118,轻度污染,3
2017-05-23,24℃,13℃,多云~晴,北风,3-4级,55,良,2
2017-05-24,30℃,20℃,晴,南风,1-2级,73,良,2
2017-05-25,29℃,17℃,晴,北风,3-4级,81,良,2
2017-05-26,32℃,21℃,晴,南风,1-2级,86,良,2
2017-05-27,36℃,28℃,晴,南风,3-4级,89,良,2
2017-05-28,37℃,28℃,晴,南风,4-5级,91,良,2
2017-05-29,35℃,26℃,晴~多云,南风,3-4级,83,良,2
2017-05-30,33℃,20℃,多云~雷阵雨,北风,1-2级,121,轻度污染,3
2017-05-31,32℃,21℃,多云,北风,1-2级,111,轻度污染,3
2017-04-01,20℃,9℃,晴,南风,1-2级,98,良,2
2017-04-02,24℃,14℃,晴,南风,3-4级,99,良,2
2017-04-03,24℃,13℃,晴~多云,南风,3-4级,98,良,2
2017-04-04,18℃,11℃,小雨,南风,1-2级,87,良,2
2017-04-05,19℃,9℃,阴~多云,北风,1-2级,109,轻度污染,3
2017-04-06,24℃,12℃,晴,南风,1-2级,116,轻度污染,3
2017-04-07,24℃,14℃,晴~多云,南风,1-2级,207,重度污染,5
2017-04-08,18℃,8℃,小雨~阴,东北风,3-4级,190,中度污染,4
2017-04-09,17℃,7℃,多云,北风,3-4级,79,良,2
2017-04-10,16℃,7℃,多云,南风,1-2级,93,良,2
2017-04-11,19℃,9℃,晴,南风,1-2级,90,良,2
2017-04-12,22℃,13℃,晴~多云,南风,3-4级,128,轻度污染,3
2017-04-13,21℃,13℃,雷阵雨~阴,南风,4-5级,85,良,2
2017-04-14,25℃,15℃,多云~晴,南风,1-2级,74,良,2
2017-04-15,29℃,19℃,晴~多云,南风,1-2级,97,良,2
2017-04-16,23℃,14℃,小到中雨~小雨,南风,1-2级,125,轻度污染,3
2017-04-17,27℃,16℃,多云,南风,3-4级,140,轻度污染,3
2017-04-18,23℃,15℃,晴~多云,北风,3-4级,103,轻度污染,3
2017-04-19,21℃,11℃,小雨~阴,南风,3-4级,87,良,2
2017-04-20,22℃,11℃,晴~阴,南风,1-2级,69,良,2
2017-04-21,18℃,9℃,多云~晴,北风,3-4级,83,良,2
2017-04-22,23℃,17℃,晴,南风,3-4级,83,良,2
2017-04-23,26℃,19℃,晴~多云,南风,4-5级,80,良,2
2017-04-24,24℃,13℃,雷阵雨~多云,东北风,3-4级,96,良,2
2017-04-25,20℃,9℃,多云,北风,3-4级,118,轻度污染,3
2017-04-26,22℃,10℃,晴,北风,1-2级,100,良,2
2017-04-27,24℃,13℃,晴,北风,1-2级,79,良,2
2017-04-28,28℃,18℃,晴,西南风,1-2级,86,良,2
2017-04-29,32℃,23℃,晴,南风,3-4级,90,良,2
2017-04-30,31℃,18℃,晴~多云,南风,3-4级,114,轻度污染,3
2017-03-01,8℃,-2℃,多云~晴,北风,4-5级,120,轻度污染,3
2017-03-02,13℃,1℃,晴,南风,3-4级,75,良,2
2017-03-03,16℃,5℃,晴,南风,3-4级,87,良,2
2017-03-04,16℃,4℃,晴~多云,北风,1-2级,153,中度污染,4
2017-03-05,11℃,-1℃,晴,北风,3-4级,171,中度污染,4
2017-03-06,13℃,0℃,晴~多云,西南风,3-4级,92,良,2
2017-03-07,9℃,-2℃,晴,北风,3-4级,62,良,2
2017-03-08,12℃,2℃,晴,北风,1-2级,70,良,2
2017-03-09,16℃,3℃,晴,南风,1-2级,79,良,2
2017-03-10,18℃,7℃,晴~多云,南风,1-2级,96,良,2
2017-03-11,19℃,7℃,多云~阴,南风,1-2级,138,轻度污染,3
2017-03-12,11℃,0℃,多云,北风,4-5级,157,中度污染,4
2017-03-13,12℃,0℃,晴,北风,1-2级,86,良,2
2017-03-14,15℃,4℃,晴,南风,1-2级,92,良,2
2017-03-15,16℃,7℃,晴~多云,南风,1-2级,107,轻度污染,3
2017-03-16,17℃,8℃,多云~晴,南风,3-4级,97,良,2
2017-03-17,18℃,9℃,多云~晴,南风,3-4级,101,轻度污染,3
2017-03-18,20℃,9℃,晴,北风,1-2级,134,轻度污染,3
2017-03-19,20℃,9℃,晴~多云,南风,1-2级,106,轻度污染,3
2017-03-20,13℃,3℃,小雨~多云,北风,1-2级,92,良,2
2017-03-21,16℃,8℃,晴,东北风,1-2级,93,良,2
2017-03-22,14℃,6℃,多云~阴,南风,1-2级,112,轻度污染,3
2017-03-23,14℃,7℃,阴~小雨,东南风,1-2级,137,轻度污染,3
2017-03-24,13℃,5℃,小雨,南风,1-2级,112,轻度污染,3
2017-03-25,13℃,5℃,多云,北风,1-2级,94,良,2
2017-03-26,15℃,6℃,晴,北风,1-2级,76,良,2
2017-03-27,16℃,5℃,晴~中雨,北风,1-2级,75,良,2
2017-03-28,8℃,2℃,小雨~晴,北风,3-4级,110,轻度污染,3
2017-03-29,18℃,6℃,晴~多云,南风,1-2级,85,良,2
2017-03-30,16℃,6℃,阴~小雨,南风,1-2级,148,轻度污染,3
2017-03-31,15℃,5℃,多云~晴,北风,1-2级,107,轻度污染,3
2017-02-01,5℃,-4℃,晴,北风,1-2级,115,轻度污染,3
2017-02-02,7℃,-4℃,多云~阴,南风,1-2级,126,轻度污染,3
2017-02-03,9℃,3℃,多云,南风,1-2级,149,轻度污染,3
2017-02-04,9℃,0℃,多云,南风,1-2级,176,中度污染,4
2017-02-05,7℃,-2℃,晴,北风,1-2级,167,中度污染,4
2017-02-06,6℃,-3℃,多云,北风,3-4级,104,轻度污染,3
2017-02-07,4℃,-2℃,多云~阴,东北风,1-2级,81,良,2
2017-02-08,2℃,-6℃,阴~多云,北风,3-4级,91,良,2
2017-02-09,3℃,-7℃,晴,北风,3-4级,54,良,2
2017-02-10,4℃,-5℃,晴,北风,1-2级,70,良,2
2017-02-11,8℃,-2℃,晴,南风,1-2级,92,良,2
2017-02-12,13℃,0℃,晴,南风,1-2级,112,轻度污染,3
2017-02-13,13℃,1℃,晴,北风,1-2级,154,中度污染,4
2017-02-14,14℃,3℃,晴,南风,3-4级,261,重度污染,5
2017-02-15,16℃,8℃,晴,西南风,4-5级,137,轻度污染,3
2017-02-16,17℃,1℃,晴~多云,西南风,4-5级,161,中度污染,4
2017-02-17,7℃,1℃,多云~晴,北风,1-2级,76,良,2
2017-02-18,14℃,5℃,晴,南风,3-4级,108,轻度污染,3
2017-02-19,18℃,0℃,晴~多云,南风,4-5级,179,中度污染,4
2017-02-20,6℃,-2℃,晴~多云,东北风,4-5级,125,轻度污染,3
2017-02-21,2℃,-4℃,大雪~阴,北风,1-2级,73,良,2
2017-02-22,2℃,-4℃,多云~晴,北风,1-2级,129,轻度污染,3
2017-02-23,6℃,-2℃,晴,北风,1-2级,109,轻度污染,3
2017-02-24,11℃,1℃,晴,南风,1-2级,75,良,2
2017-02-25,12℃,0℃,晴,北风,1-2级,94,良,2
2017-02-26,14℃,4℃,晴,南风,1-2级,86,良,2
2017-02-27,16℃,8℃,晴~多云,南风,3-4级,114,轻度污染,3
2017-02-28,17℃,4℃,多云~阴,南风,3-4级,125,轻度污染,3
2017-01-01,10℃,1℃,霾,南风,1-2级,194,中度污染,4
2017-01-02,5℃,0℃,雾~霾,北风,1-2级,266,重度污染,5
2017-01-03,11℃,2℃,霾,南风,1-2级,229,重度污染,5
2017-01-04,10℃,2℃,雾~多云,东风,1-2级,340,严重污染,6
2017-01-05,4℃,0℃,阴~多云,北风,1-2级,391,严重污染,6
2017-01-06,6℃,1℃,雾~霾,东北风,1-2级,355,严重污染,6
2017-01-07,5℃,0℃,小雨~雨夹雪,北风,1-2级,229,重度污染,5
2017-01-08,4℃,-3℃,霾~雾,北风,1-2级,141,轻度污染,3
2017-01-09,4℃,-3℃,霾,北风,1-2级,196,中度污染,4
2017-01-10,4℃,-4℃,晴,北风,1-2级,153,中度污染,4
2017-01-11,6℃,-2℃,晴,南风,3-4级,169,中度污染,4
2017-01-12,7℃,-2℃,霾~晴,南风,1-2级,260,重度污染,5
2017-01-13,5℃,-5℃,晴,北风,1-2级,145,轻度污染,3
2017-01-14,3℃,-5℃,晴,东北风,1-2级,86,良,2
2017-01-15,3℃,-5℃,晴~多云,南风,1-2级,103,轻度污染,3
2017-01-16,5℃,-2℃,多云~霾,南风,1-2级,136,轻度污染,3
2017-01-17,6℃,-2℃,霾,南风,1-2级,154,中度污染,4
2017-01-18,6℃,0℃,多云,东北风,1-2级,313,严重污染,6
2017-01-19,4℃,-8℃,多云~晴,南风,1-2级,254,重度污染,5
2017-01-20,0℃,-7℃,晴,北风,1-2级,57,良,2
2017-01-21,3℃,-8℃,晴,南风,3-4级,81,良,2
2017-01-22,1℃,-7℃,晴,北风,1-2级,63,良,2
2017-01-23,5℃,-4℃,晴~多云,东风,1-2级,128,轻度污染,3
2017-01-24,6℃,-2℃,多云,南风,1-2级,179,中度污染,4
2017-01-25,9℃,2℃,晴,南风,1-2级,146,轻度污染,3
2017-01-26,12℃,-3℃,多云~晴,南风,4-5级,148,轻度污染,3
2017-01-27,6℃,-1℃,晴~多云,南风,1-2级,87,良,2
2017-01-28,5℃,-2℃,小雨~雨夹雪,南风,1-2级,123,轻度污染,3
2017-01-29,1℃,-7℃,多云~晴,北风,3-4级,150,轻度污染,3
2017-01-30,1℃,-6℃,晴,北风,1-2级,65,良,2
2017-01-31,4℃,-3℃,多云,南风,1-2级,73,良,2
2016-12-01,10℃,1℃,晴,北风,1-2级,170,中度污染,4
2016-12-02,13℃,4℃,晴,南风,1-2级,166,中度污染,4
2016-12-03,13℃,6℃,多云,南风,3-4级,108,轻度污染,3
2016-12-04,13℃,2℃,霾,南风,1-2级,190,中度污染,4
2016-12-05,6℃,-2℃,雨夹雪~晴,北风,3-4级,231,重度污染,5
2016-12-06,9℃,1℃,晴,南风,4-5级,95,良,2
2016-12-07,10℃,3℃,晴,南风,1-2级,142,轻度污染,3
2016-12-08,12℃,0℃,晴,南风,3-4级,172,中度污染,4
2016-12-09,7℃,1℃,多云,北风,1-2级,79,良,2
2016-12-10,9℃,0℃,晴,南风,1-2级,127,轻度污染,3
2016-12-11,10℃,3℃,多云~阴,南风,1-2级,130,轻度污染,3
2016-12-12,9℃,1℃,阴~雨夹雪,南风,1-2级,161,中度污染,4
2016-12-13,3℃,-4℃,阴~多云,北风,3-4级,88,良,2
2016-12-14,4℃,-2℃,晴,北风,1-2级,83,良,2
2016-12-15,6℃,-3℃,晴,北风,1-2级,125,轻度污染,3
2016-12-16,9℃,0℃,晴,南风,3-4级,98,良,2
2016-12-17,11℃,3℃,晴,南风,3-4级,128,轻度污染,3
2016-12-18,12℃,2℃,晴,南风,1-2级,205,重度污染,5
2016-12-19,12℃,1℃,霾,南风,1-2级,344,严重污染,6
2016-12-20,10℃,2℃,霾~小雨,东北风,1-2级,458,严重污染,6
2016-12-21,3℃,0℃,小雨~小雪,东北风,1-2级,327,严重污染,6
2016-12-22,5℃,-3℃,阴~晴,北风,3-4级,199,中度污染,4
2016-12-23,5℃,-3℃,晴,北风,1-2级,105,轻度污染,3
2016-12-24,6℃,-1℃,多云~阴,南风,1-2级,116,轻度污染,3
2016-12-25,4℃,0℃,小雨~雨夹雪,东风,1-2级,160,中度污染,4
2016-12-26,2℃,-4℃,中雪~阴,东北风,3-4级,156,中度污染,4
2016-12-27,2℃,-5℃,晴,北风,1-2级,83,良,2
2016-12-28,4℃,-6℃,晴,南风,1-2级,147,轻度污染,3
2016-12-29,3℃,-3℃,霾~晴,南风,1-2级,205,重度污染,5
2016-12-30,4℃,0℃,多云~晴,南风,3-4级,143,轻度污染,3
2016-12-31,9℃,3℃,霾,南风,3-4级,194,中度污染,4
2016-11-01,10℃,2℃,晴,南风,1-2级,65,良,2
2016-11-02,15℃,8℃,晴,南风,3-4级,95,良,2
2016-11-03,18℃,12℃,晴,南风,3-4级,97,良,2
2016-11-04,20℃,13℃,晴,南风,3-4级,87,良,2
2016-11-05,22℃,9℃,晴,北风,1-2级,129,轻度污染,3
2016-11-06,14℃,8℃,多云~小雨,北风,1-2级,155,中度污染,4
2016-11-07,10℃,3℃,小雨~多云,北风,3-4级,120,轻度污染,3
2016-11-08,11℃,2℃,晴,北风,1-2级,117,轻度污染,3
2016-11-09,11℃,5℃,晴~多云,南风,3-4级,74,良,2
2016-11-10,14℃,5℃,晴,西南风,4-5级,74,良,2
2016-11-11,18℃,9℃,晴,南风,3-4级,102,轻度污染,3
2016-11-12,17℃,9℃,晴~多云,北风,1-2级,153,中度污染,4
2016-11-13,19℃,10℃,霾,南风,1-2级,239,重度污染,5
2016-11-14,15℃,4℃,霾~晴,北风,3-4级,175,中度污染,4
2016-11-15,14℃,7℃,晴,北风,1-2级,85,良,2
2016-11-16,13℃,6℃,阴~多云,南风,1-2级,84,良,2
2016-11-17,16℃,10℃,多云~小雨,南风,1-2级,142,轻度污染,3
2016-11-18,15℃,11℃,阵雨~霾,南风,1-2级,151,中度污染,4
2016-11-19,15℃,7℃,霾~多云,南风,1-2级,143,轻度污染,3
2016-11-20,14℃,10℃,多云~小雨,东北风,1-2级,115,轻度污染,3
2016-11-21,8℃,-4℃,小雨~中到大雪,东北风,4-5级,77,良,2
2016-11-22,0℃,-6℃,阴~多云,东北风,4-5级,35,优,1
2016-11-23,2℃,-5℃,晴,北风,1-2级,60,良,2
2016-11-24,6℃,-2℃,晴,南风,1-2级,71,良,2
2016-11-25,7℃,2℃,晴~多云,南风,1-2级,76,良,2
2016-11-26,10℃,2℃,晴,南风,1-2级,122,轻度污染,3
2016-11-27,9℃,-1℃,晴~霾,北风,1-2级,131,轻度污染,3
2016-11-28,9℃,0℃,晴~霾,南风,1-2级,112,轻度污染,3
2016-11-29,10℃,5℃,多云,南风,1-2级,203,重度污染,5
2016-11-30,12℃,1℃,晴,南风,1-2级,158,中度污染,4
2016-10-01,28℃,19℃,多云,南风,1-2级,93,良,2
2016-10-02,28℃,19℃,多云,南风,1-2级,106,轻度污染,3
2016-10-03,31℃,21℃,晴,南风,1-2级,94,良,2
2016-10-04,30℃,20℃,晴~多云,南风,3-4级,99,良,2
2016-10-05,26℃,16℃,晴,北风,1-2级,80,良,2
2016-10-06,24℃,17℃,多云~阴,东北风,1-2级,94,良,2
2016-10-07,20℃,13℃,阵雨~多云,南风,1-2级,83,良,2
2016-10-08,21℃,9℃,晴,东北风,3-4级,76,良,2
2016-10-09,19℃,12℃,多云,南风,1-2级,68,良,2
2016-10-10,21℃,12℃,多云~晴,南风,3-4级,75,良,2
2016-10-11,23℃,13℃,晴,南风,1-2级,69,良,2
2016-10-12,23℃,16℃,晴~多云,南风,1-2级,130,轻度污染,3
2016-10-13,25℃,14℃,晴,南风,3-4级,102,轻度污染,3
2016-10-14,24℃,15℃,晴~多云,南风,1-2级,67,良,2
2016-10-15,19℃,14℃,小到中雨,南风,1-2级,73,良,2
2016-10-16,22℃,13℃,阴~晴,北风,1-2级,81,良,2
2016-10-17,24℃,14℃,多云,北风,1-2级,131,轻度污染,3
2016-10-18,25℃,15℃,霾~晴,南风,1-2级,166,中度污染,4
2016-10-19,24℃,15℃,霾~多云,南风,1-2级,112,轻度污染,3
2016-10-20,22℃,15℃,多云~小雨,东北风,1-2级,125,轻度污染,3
2016-10-21,20℃,15℃,小雨,东北风,1-2级,124,轻度污染,3
2016-10-22,16℃,10℃,小雨~阴,东北风,3-4级,63,良,2
2016-10-23,15℃,8℃,多云~阴,东北风,1-2级,48,优,1
2016-10-24,16℃,8℃,小雨~阴,北风,1-2级,77,良,2
2016-10-25,19℃,11℃,多云,南风,1-2级,93,良,2
2016-10-26,17℃,11℃,阴,东北风,1-2级,140,轻度污染,3
2016-10-27,13℃,9℃,小雨,东北风,3-4级,93,良,2
2016-10-28,15℃,7℃,多云,北风,3-4级,53,良,2
2016-10-29,15℃,7℃,晴,南风,1-2级,61,良,2
2016-10-30,16℃,6℃,多云~小雨,南风,3-4级,66,良,2
2016-10-31,8℃,0℃,多云~大暴雨,北风,4-5级,53,良,2
2016-09-01,30℃,20℃,晴~多云,北风,1-2级,81,良,2
2016-09-02,30℃,19℃,晴,北风,1-2级,92,良,2
2016-09-03,32℃,22℃,晴~多云,南风,1-2级,130,轻度污染,3
2016-09-04,31℃,22℃,多云,南风,1-2级,166,中度污染,4
2016-09-05,31℃,21℃,多云,南风,1-2级,149,轻度污染,3
2016-09-06,31℃,19℃,多云~雷阵雨,南风,1-2级,140,轻度污染,3
2016-09-07,27℃,19℃,阵雨~晴,南风,1-2级,64,良,2
2016-09-08,31℃,19℃,晴,南风,1-2级,85,良,2
2016-09-09,32℃,23℃,晴~多云,南风,1-2级,93,良,2
2016-09-10,29℃,19℃,阴~多云,南风,1-2级,86,良,2
2016-09-11,30℃,20℃,多云~雷阵雨,北风,1-2级,86,良,2
2016-09-12,28℃,19℃,多云,东北风,1-2级,94,良,2
2016-09-13,28℃,20℃,多云,东北风,1-2级,103,轻度污染,3
2016-09-14,29℃,19℃,晴,南风,1-2级,90,良,2
2016-09-15,31℃,19℃,晴,南风,1-2级,117,轻度污染,3
2016-09-16,31℃,19℃,晴,东北风,1-2级,127,轻度污染,3
2016-09-17,29℃,18℃,晴~多云,东北风,3-4级,112,轻度污染,3
2016-09-18,26℃,17℃,多云,东北风,3-4级,73,良,2
2016-09-19,25℃,14℃,多云~晴,东北风,3-4级,59,良,2
2016-09-20,26℃,15℃,晴,东北风,1-2级,71,良,2
2016-09-21,27℃,16℃,晴,南风,1-2级,83,良,2
2016-09-22,29℃,21℃,晴,南风,1-2级,94,良,2
2016-09-23,30℃,22℃,晴,南风,3-4级,81,良,2
2016-09-24,30℃,21℃,晴~多云,南风,3-4级,82,良,2
2016-09-25,29℃,20℃,多云,南风,1-2级,108,轻度污染,3
2016-09-26,29℃,20℃,多云~小雨,南风,1-2级,80,良,2
2016-09-27,26℃,16℃,小雨~多云,东北风,3-4级,88,良,2
2016-09-28,22℃,11℃,多云~晴,东北风,3-4级,60,良,2
2016-09-29,24℃,13℃,晴,北风,1-2级,86,良,2
2016-09-30,26℃,15℃,晴,东风,1-2级,142,轻度污染,3
2016-08-01,32℃,24℃,雷阵雨~多云,北风,1-2级,47,优,1
2016-08-02,31℃,23℃,多云,北风,1-2级,94,良,2
2016-08-03,31℃,24℃,晴~多云,东北风,1-2级,112,轻度污染,3
2016-08-04,31℃,24℃,雷阵雨~多云,东风,1-2级,108,轻度污染,3
2016-08-05,31℃,23℃,雷阵雨~多云,南风,1-2级,79,良,2
2016-08-06,31℃,23℃,雷阵雨,东风,1-2级,71,良,2
2016-08-07,28℃,23℃,中到大雨,北风,1-2级,52,良,2
2016-08-08,29℃,24℃,阵雨,北风,1-2级,48,优,1
2016-08-09,32℃,24℃,多云,南风,1-2级,66,良,2
2016-08-10,34℃,26℃,晴,南风,1-2级,59,良,2
2016-08-11,35℃,27℃,晴,南风,1-2级,62,良,2
2016-08-12,35℃,26℃,晴~多云,南风,1-2级,59,良,2
2016-08-13,34℃,25℃,多云~雷阵雨,南风,1-2级,71,良,2
2016-08-14,32℃,24℃,雷阵雨,北风,1-2级,97,良,2
2016-08-15,30℃,24℃,雷阵雨,东北风,1-2级,77,良,2
2016-08-16,27℃,23℃,雷阵雨,北风,1-2级,50,优,1
2016-08-17,28℃,23℃,中雨~多云,东北风,1-2级,73,良,2
2016-08-18,33℃,27℃,多云,南风,3-4级,78,良,2
2016-08-19,29℃,24℃,中雨~阵雨,南风,3-4级,53,良,2
2016-08-20,29℃,23℃,阴~多云,北风,3-4级,46,优,1
2016-08-21,31℃,22℃,晴,东北风,3-4级,69,良,2
2016-08-22,32℃,23℃,晴,东北风,1-2级,118,轻度污染,3
2016-08-23,32℃,24℃,多云,南风,1-2级,84,良,2
2016-08-24,33℃,25℃,晴~阴,南风,1-2级,73,良,2
2016-08-25,26℃,19℃,中到大雨~多云,北风,4-5级,54,良,2
2016-08-26,26℃,17℃,晴,北风,3-4级,50,优,1
2016-08-27,28℃,17℃,晴,北风,1-2级,64,良,2
2016-08-28,28℃,17℃,晴,北风,1-2级,71,良,2
2016-08-29,29℃,18℃,晴,北风,1-2级,70,良,2
2016-08-30,29℃,20℃,多云,南风,1-2级,72,良,2
2016-08-31,32℃,20℃,晴~多云,西南风,3-4级,89,良,2
2016-07-01,28℃,22℃,雷阵雨~多云,北风,1-2级,65,良,2
2016-07-02,32℃,23℃,晴,北风,1-2级,101,轻度污染,3
2016-07-03,32℃,23℃,多云,南风,1-2级,98,良,2
2016-07-04,31℃,21℃,多云,南风,1-2级,96,良,2
2016-07-05,31℃,22℃,多云,东北风,1-2级,152,中度污染,4
2016-07-06,31℃,22℃,多云,南风,1-2级,140,轻度污染,3
2016-07-07,33℃,24℃,多云,南风,1-2级,102,轻度污染,3
2016-07-08,32℃,24℃,多云,南风,1-2级,81,良,2
2016-07-09,30℃,23℃,雷阵雨~多云,南风,1-2级,74,良,2
2016-07-10,34℃,24℃,多云,南风,1-2级,118,轻度污染,3
2016-07-11,34℃,25℃,晴~多云,南风,1-2级,74,良,2
2016-07-12,32℃,23℃,雷阵雨,南风,1-2级,82,良,2
2016-07-13,31℃,24℃,多云~阴,北风,1-2级,108,轻度污染,3
2016-07-14,30℃,22℃,阴~雷阵雨,东北风,1-2级,104,轻度污染,3
2016-07-15,26℃,19℃,雷阵雨~多云,北风,1-2级,81,良,2
2016-07-16,29℃,21℃,多云~雷阵雨,南风,1-2级,97,良,2
2016-07-17,28℃,21℃,雷阵雨~多云,北风,1-2级,154,中度污染,4
2016-07-18,30℃,23℃,多云~阵雨,南风,1-2级,169,中度污染,4
2016-07-19,30℃,23℃,多云~暴雨,东风,1-2级,102,轻度污染,3
2016-07-20,26℃,22℃,中雨~阵雨,南风,4-5级,35,优,1
2016-07-21,31℃,24℃,雷阵雨,南风,1-2级,52,良,2
2016-07-22,33℃,25℃,小雨~多云,南风,3-4级,55,良,2
2016-07-23,34℃,27℃,雷阵雨~多云,南风,1-2级,69,良,2
2016-07-24,35℃,29℃,多云,南风,1-2级,56,良,2
2016-07-25,35℃,25℃,多云~中雨,南风,3-4级,61,良,2
2016-07-26,34℃,25℃,多云,北风,1-2级,73,良,2
2016-07-27,34℃,25℃,晴~雷阵雨,南风,1-2级,80,良,2
2016-07-28,34℃,28℃,多云~晴,南风,1-2级,66,良,2
2016-07-29,35℃,27℃,多云,南风,1-2级,86,良,2
2016-07-30,34℃,26℃,雷阵雨,南风,1-2级,87,良,2
2016-07-31,33℃,26℃,多云,南风,1-2级,81,良,2
2016-06-01,31℃,18℃,晴,北风,微风,95,良,2
2016-06-02,30℃,21℃,多云,南风,1-2级,107,轻度污染,3
2016-06-03,27℃,18℃,多云,南风,1-2级,93,良,2
2016-06-04,29℃,18℃,多云~雷阵雨,南风,1-2级,88,良,2
2016-06-05,22℃,18℃,中雨,东南风,1-2级,87,良,2
2016-06-06,24℃,18℃,小雨~阴,南风,1-2级,88,良,2
2016-06-07,28℃,19℃,阵雨,南风,1-2级,103,轻度污染,3
2016-06-08,29℃,20℃,多云~晴,南风,1-2级,134,轻度污染,3
2016-06-09,32℃,24℃,晴~多云,南风,3-4级,131,轻度污染,3
2016-06-10,33℃,21℃,多云~雷阵雨,南风,3-4级,96,良,2
2016-06-11,30℃,20℃,多云,北风,3-4级,77,良,2
2016-06-12,32℃,21℃,多云~晴,北风,1-2级,86,良,2
2016-06-13,32℃,19℃,多云~雷阵雨,南风,1-2级,90,良,2
2016-06-14,30℃,18℃,多云~雷阵雨,南风,3-4级,53,良,2
2016-06-15,27℃,19℃,多云~晴,北风,3-4级,65,良,2
2016-06-16,33℃,26℃,晴,南风,1-2级,72,良,2
2016-06-17,35℃,27℃,晴,南风,4-5级,72,良,2
2016-06-18,34℃,24℃,晴,南风,3-4级,76,良,2
2016-06-19,35℃,22℃,多云~雷阵雨,南风,1-2级,117,轻度污染,3
2016-06-20,34℃,24℃,多云,南风,1-2级,109,轻度污染,3
2016-06-21,34℃,23℃,多云~雷阵雨,南风,1-2级,88,良,2
2016-06-22,36℃,23℃,多云,南风,1-2级,80,良,2
2016-06-23,30℃,21℃,大雨~多云,南风,1-2级,59,良,2
2016-06-24,31℃,20℃,晴,北风,3-4级,60,良,2
2016-06-25,32℃,21℃,晴,北风,1-2级,62,良,2
2016-06-26,34℃,24℃,晴,南风,1-2级,82,良,2
2016-06-27,32℃,23℃,晴,南风,3-4级,74,良,2
2016-06-28,33℃,25℃,多云,南风,3-4级,72,良,2
2016-06-29,33℃,22℃,雷阵雨~晴,南风,3-4级,74,良,2
2016-06-30,35℃,21℃,雷阵雨,南风,1-2级,75,良,2
2016-05-01,32℃,22℃,晴~多云,南风,3-4级,96,良,2
2016-05-02,24℃,13℃,雷阵雨~多云,北风,3-4级,82,良,2
2016-05-03,25℃,13℃,多云~晴,西北风,3-4级,82,良,2
2016-05-04,30℃,21℃,晴~多云,南风,3-4级,81,良,2
2016-05-05,30℃,15℃,雷阵雨~多云,南风,3-4级,92,良,2
2016-05-06,24℃,15℃,晴,北风,3-4级,262,重度污染,5
2016-05-07,24℃,16℃,多云,北风,微风,142,轻度污染,3
2016-05-08,23℃,16℃,阴,南风,微风,113,轻度污染,3
2016-05-09,22℃,14℃,阵雨~多云,南风,微风,91,良,2
2016-05-10,25℃,15℃,晴,南风,微风,105,轻度污染,3
2016-05-11,31℃,21℃,晴~多云,南风,4-5级,118,轻度污染,3
2016-05-12,26℃,10℃,雷阵雨~多云,南风,4-5级,75,良,2
2016-05-13,24℃,14℃,晴~多云,东南风,微风,71,良,2
2016-05-14,20℃,12℃,小雨~中雨,北风,微风,74,良,2
2016-05-15,21℃,11℃,多云~晴,无持续风向,3-4级,72,良,2
2016-05-16,27℃,16℃,晴,南风,微风,64,良,2
2016-05-17,29℃,19℃,晴,南风,3-4级,73,良,2
2016-05-18,28℃,17℃,多云,南风,3-4级,92,良,2
2016-05-19,29℃,16℃,晴,南风,微风,92,良,2
2016-05-20,28℃,16℃,多云,东南风,微风,92,良,2
2016-05-21,28℃,16℃,多云~晴,东南风,微风,100,良,2
2016-05-22,29℃,19℃,晴~多云,东北风,微风,87,良,2
2016-05-23,22℃,15℃,阴~多云,南风,微风,125,轻度污染,3
2016-05-24,29℃,18℃,晴,南风,微风,75,良,2
2016-05-25,28℃,19℃,多云,北风,微风,63,良,2
2016-05-26,30℃,20℃,晴~多云,北风,微风,88,良,2
2016-05-27,26℃,17℃,阴~小雨,南风,微风,130,轻度污染,3
2016-05-28,23℃,16℃,阴~多云,南风,微风,74,良,2
2016-05-29,31℃,19℃,晴,北风,微风,98,良,2
2016-05-30,33℃,24℃,晴~多云,南风,3-4级,108,轻度污染,3
2016-05-31,31℃,20℃,多云,北风,3-4级,110,轻度污染,3
2016-04-01,26℃,14℃,晴~多云,南风,3-4级,118,轻度污染,3
2016-04-02,18℃,9℃,多云~小雨,东北风,4-5级,202,重度污染,5
2016-04-03,17℃,7℃,阴~晴,东北风,3-4级,72,良,2
2016-04-04,20℃,13℃,晴,南风,3-4级,95,良,2
2016-04-05,24℃,13℃,晴,南风,微风,87,良,2
2016-04-06,21℃,12℃,阴~多云,南风,3-4级,115,轻度污染,3
2016-04-07,24℃,11℃,多云~晴,北风,3-4级,137,轻度污染,3
2016-04-08,24℃,15℃,晴,北风,微风,205,重度污染,5
2016-04-09,28℃,14℃,晴,南风,3-4级,212,重度污染,5
2016-04-10,24℃,10℃,霾~晴,北风,3-4级,245,重度污染,5
2016-04-11,23℃,13℃,晴~多云,南风,3-4级,158,中度污染,4
2016-04-12,25℃,14℃,多云~晴,南风,3-4级,141,轻度污染,3
2016-04-13,28℃,14℃,晴,西南风,微风,170,中度污染,4
2016-04-14,26℃,18℃,晴,东北风,3-4级,183,中度污染,4
2016-04-15,29℃,15℃,多云~阴,南风,3-4级,154,中度污染,4
2016-04-16,19℃,10℃,小雨~晴,北风,3-4级,96,良,2
2016-04-17,20℃,11℃,多云,西风,3-4级,82,良,2
2016-04-18,20℃,11℃,晴,西北风,3-4级,80,良,2
2016-04-19,25℃,17℃,晴~多云,南风,3-4级,87,良,2
2016-04-20,24℃,14℃,多云~晴,北风,微风,137,轻度污染,3
2016-04-21,29℃,17℃,晴,南风,3-4级,179,中度污染,4
2016-04-22,25℃,15℃,晴~多云,东北风,3-4级,185,中度污染,4
2016-04-23,23℃,14℃,多云,东风,微风,215,重度污染,5
2016-04-24,27℃,17℃,晴,南风,3-4级,124,轻度污染,3
2016-04-25,27℃,16℃,晴~多云,南风,微风,105,轻度污染,3
2016-04-26,25℃,13℃,多云,东北风,微风,87,良,2
2016-04-27,24℃,14℃,多云~阴,东北风,微风,130,轻度污染,3
2016-04-28,23℃,15℃,多云,北风,微风,111,轻度污染,3
2016-04-29,29℃,20℃,晴,南风,3-4级,122,轻度污染,3
2016-04-30,32℃,24℃,晴,南风,4-5级,105,轻度污染,3
2016-03-01,13℃,6℃,晴,南风,3-4级,104,轻度污染,3
2016-03-02,18℃,11℃,晴,南风,3-4级,145,轻度污染,3
2016-03-03,22℃,15℃,晴,南风,3-4级,132,轻度污染,3
2016-03-04,23℃,8℃,晴~小雨,南风,3-4级,125,轻度污染,3
2016-03-05,14℃,4℃,多云~晴,北风,3-4级,255,重度污染,5
2016-03-06,17℃,8℃,多云,南风,3-4级,198,中度污染,4
2016-03-07,15℃,2℃,多云~阴,南风,3-4级,172,中度污染,4
2016-03-08,7℃,-2℃,多云,北风,3-4级,89,良,2
2016-03-09,5℃,-3℃,阴~晴,北风,微风,72,良,2
2016-03-10,7℃,-1℃,晴,北风,微风,80,良,2
2016-03-11,10℃,2℃,晴~多云,南风,3-4级,100,良,2
2016-03-12,12℃,5℃,多云~阴,南风,3-4级,114,轻度污染,3
2016-03-13,11℃,-1℃,晴,北风,3-4级,128,轻度污染,3
2016-03-14,15℃,4℃,晴,南风,微风,83,良,2
2016-03-15,14℃,6℃,多云~晴,南风,3-4级,126,轻度污染,3
2016-03-16,18℃,11℃,晴~多云,南风,3-4级,116,轻度污染,3
2016-03-17,20℃,12℃,多云~晴,南风,3-4级,126,轻度污染,3
2016-03-18,23℃,10℃,晴,南风,微风,185,中度污染,4
2016-03-19,21℃,8℃,晴,东北风,3-4级,268,重度污染,5
2016-03-20,19℃,7℃,晴,北风,微风,143,轻度污染,3
2016-03-21,19℃,9℃,晴,南风,微风,145,轻度污染,3
2016-03-22,19℃,7℃,多云,南风,微风,175,中度污染,4
2016-03-23,13℃,1℃,晴,北风,3-4级,80,良,2
2016-03-24,14℃,2℃,多云~晴,北风,微风,92,良,2
2016-03-25,15℃,3℃,多云~晴,北风,微风,95,良,2
2016-03-26,17℃,6℃,晴,北风,微风,111,轻度污染,3
2016-03-27,20℃,12℃,晴,南风,3-4级,87,良,2
2016-03-28,22℃,12℃,晴,南风,4-5级,109,轻度污染,3
2016-03-29,20℃,12℃,晴,北风,3-4级,104,轻度污染,3
2016-03-30,23℃,15℃,晴,南风,3-4级,125,轻度污染,3
2016-03-31,25℃,18℃,晴,南风,4-5级,128,轻度污染,3
